,movieId,tag,relevance
0,1,fun,1
1,1,pixar,2
2,2,Robin Williams,1
3,2,fantasy,1
4,2,game,1
5,2,magic board game,1
6,3,moldy,1
7,3,old,1
8,5,pregnancy,1
9,5,remake,1
10,7,remake,1
11,11,politics,1
12,11,president,1
13,14,politics,1
14,14,president,1
15,16,Mafia,1
16,17,Jane Austen,1
17,21,Hollywood,1
18,22,serial killer,1
19,25,alcoholism,1
20,26,Shakespeare,1
21,28,In Netflix queue,1
22,28,Jane Austen,1
23,29,kidnapping,1
24,31,high school,1
25,31,teacher,1
26,32,Brad Pitt,1
27,32,Bruce Willis,1
28,32,Post apocalyptic,1
29,32,mindfuck,1
30,32,post-apocalyptic,1
31,32,remake,1
32,32,time travel,3
33,32,twist ending,1
34,34,Animal movie,1
35,34,pigs,1
36,34,villain nonexistent or not needed for good story,1
37,36,Nun,1
38,36,death penalty,1
39,38,twins,1
40,39,Emma,1
41,39,Jane Austen,1
42,39,Paul Rudd,1
43,39,chick flick,1
44,39,funny,1
45,39,quotable,1
46,39,seen more than once,1
47,40,In Netflix queue,1
48,40,South Africa,1
49,41,Shakespeare,1
50,43,England,1
51,45,Journalism,1
52,46,wedding,1
53,47,mystery,1
54,47,serial killer,1
55,47,twist ending,1
56,50,heist,1
57,50,mindfuck,1
58,50,suspense,1
59,50,thriller,1
60,50,tricky,1
61,50,twist ending,1
62,52,adoption,1
63,52,prostitution,1
64,58,writing,1
65,62,music,1
66,92,Jekyll and Hyde,1
67,96,theater,1
68,101,crime,1
69,101,off-beat comedy,1
70,101,quirky,1
71,104,Adam Sandler,1
72,104,golf,1
73,104,test tag,1
74,107,muppets,1
75,110,Medieval,1
76,110,Oscar (Best Cinematography),1
77,110,Scotland,1
78,110,beautiful scenery,1
79,110,epic,1
80,110,historical,1
81,110,inspirational,1
82,110,mel gibson,1
83,110,revenge,1
84,110,sword fight,1
85,111,assassination,1
86,116,Holocaust,1
87,122,dating,1
88,140,journalism,1
89,147,Leonardo DiCaprio,1
90,147,Mark Wahlberg,1
91,147,addiction,1
92,147,heroin,1
93,150,NASA,1
94,150,moon,1
95,150,space,1
96,153,superhero,2
97,160,Michael Crichton,1
98,161,submarine,1
99,162,In Netflix queue,1
100,175,New York City,1
101,175,Nudity (Full Frontal),1
102,175,controversial,1
103,185,computers,1
104,199,Made me cry,1
105,215,generation X,1
106,216,Adam Sandler,1
107,216,school,1
108,216,stop looking at me swan,1
109,222,Ireland,1
110,223,cynical,1
111,223,generation X,1
112,223,hilarious,1
113,223,independent film,1
114,223,quirky,1
115,223,witty,1
116,224,mental illness,1
117,224,psychology,1
118,230,Stephen King,1
119,232,In Netflix queue,1
120,235,movie business,1
121,237,France,1
122,237,basketball,1
123,237,infertility,1
124,246,basketball,1
125,247,Australia,1
126,248,Sinbad,1
127,248,bad,1
128,249,Beethoven,1
129,252,Einstein,1
130,257,court,1
131,260,EPIC,2
132,260,Nerd,1
133,260,ROBOTS AND ANDROIDS,1
134,260,Star Wars,2
135,260,action,1
136,260,classic,2
137,260,classic sci-fi,3
138,260,darth vader,1
139,260,engrossing adventure,1
140,260,great soundtrack,1
141,260,luke skywalker,1
142,260,oldie but goodie,1
143,260,sci-fi,3
144,260,space,1
145,260,space action,2
146,260,space adventure,1
147,260,space epic,1
148,260,space opera,1
149,261,Louisa May Alcott,1
150,262,England,1
151,262,Girl Power,1
152,262,India,1
153,272,England,1
154,272,mental illness,1
155,273,gothic,1
156,277,Christmas,1
157,279,In Netflix queue,1
158,280,prison,1
159,282,disability,1
160,282,twins,1
161,288,brutality,1
162,288,controversial,1
163,288,dark comedy,1
164,288,psychedelic,1
165,288,satire,1
166,288,stylized,1
167,290,In Netflix queue,1
168,293,Action,1
169,293,French,1
170,293,Gary Oldman,1
171,293,Guns,1
172,293,Jean Reno,2
173,293,Lolita theme,1
174,293,Luc Besson,1
175,293,Natalie Portman,1
176,293,assassin,2
177,293,assassination,1
178,293,assassins,1
179,293,awkward romance,1
180,293,corruption,1
181,293,crime,1
182,293,disturbing,1
183,293,drama,1
184,293,friendship,1
185,293,great acting,1
186,293,hit men,2
187,293,hitman,1
188,293,humorous,1
189,293,imdb top 250,1
190,293,loneliness,1
191,293,love story,1
192,293,organized crime,1
193,293,police,1
194,293,police corruption,1
195,293,quirky,1
196,293,sniper,1
197,293,tense,1
198,293,touching,1
199,293,unique,1
200,296,1990s,1
201,296,AWESOME,1
202,296,Black comedy,1
203,296,Harvey Keitel,1
204,296,Highly quotable,1
205,296,John Travolta,1
206,296,Mafia,1
207,296,Palme d'Or,1
208,296,Quentin Tarantino,2
209,296,Quotable,1
210,296,Roger Avary,1
211,296,Samuel L. Jackson,1
212,296,Steve Buscemi,1
213,296,Tarantino,2
214,296,Uma Thurman,1
215,296,achronological,1
216,296,action,1
217,296,action packed,1
218,296,aggressive,1
219,296,amazing,1
220,296,amazing dialogues,1
221,296,anthology,1
222,296,assassin,1
223,296,atmospheric,1
224,296,bad ass,1
225,296,bad language,1
226,296,bad-ass,1
227,296,bible,1
228,296,biblical references,1
229,296,big boys with guns,1
230,296,big name actors,1
231,296,black humor,1
232,296,black humour,1
233,296,blood,1
234,296,blood splatters,1
235,296,bloody,1
236,296,bruce willis,1
237,296,brutality,1
238,296,casual violence,1
239,296,character development,1
240,296,characters,1
241,296,classic,1
242,296,classic movie,1
243,296,coke,1
244,296,comedy,1
245,296,conversation,1
246,296,cool,1
247,296,cool style,1
248,296,crime,1
249,296,crime scene scrubbing,1
250,296,cult,1
251,296,cult classic,1
252,296,cult film,2
253,296,dance,1
254,296,dancing,1
255,296,dark,1
256,296,dark comedy,1
257,296,dark humor,1
258,296,dialogue,1
259,296,different,1
260,296,diner,1
261,296,disjointed timeline,1
262,296,disturbing,1
263,296,drama,1
264,296,drug overdose,1
265,296,drugs,2
266,296,drugs & music,1
267,296,ensemble cast,1
268,296,entertaining,1
269,296,entirely dialogue,1
270,296,episodic,1
271,296,exciting,1
272,296,fast paced,1
273,296,fast-paced,1
274,296,film noir,1
275,296,film-noir,1
276,296,foul language,1
277,296,fun,1
278,296,funny,1
279,296,gangster,1
280,296,gangsters,1
281,296,genius,1
282,296,golden watch,1
283,296,good dialogue,2
284,296,good music,1
285,296,gore,1
286,296,great acting,1
287,296,great dialogue,1
288,296,great soundtrack,2
289,296,gritty,1
290,296,guns,1
291,296,heroin,1
292,296,hit men,2
293,296,hitman,1
294,296,homosexuality,1
295,296,humour,1
296,296,iconic,1
297,296,imdb top 250,1
298,296,innovative,1
299,296,intellectual,1
300,296,intelligent,1
301,296,intense,1
302,296,interesting,1
303,296,intertwining storylines,1
304,296,interwoven storylines,1
305,296,ironic,1
306,296,irony,1
307,296,killer-as-protagonist,1
308,296,los angeles,1
309,296,masterpiece,1
310,296,meaningless violence,1
311,296,milkshake,1
312,296,mobster,1
313,296,mobsters,1
314,296,monologue,1
315,296,motherfucker,1
316,296,multiple stories,1
317,296,multiple storylines,1
318,296,neo-noir,1
319,296,noir,1
320,296,non-linear,2
321,296,non-linear timeline,1
322,296,nonlinear,1
323,296,nonlinear narrative,1
324,296,nonlinear storyline,1
325,296,nonlinear timeline,1
326,296,notable soundtrack,1
327,296,offensive,1
328,296,organised crime,1
329,296,organized crime,1
330,296,original,1
331,296,original plot,1
332,296,out of order,1
333,296,parody,1
334,296,philosophical,1
335,296,pop culture references,1
336,296,psychological,1
337,296,pulp,1
338,296,quirky,1
339,296,r:disturbing violent content including rape,1
340,296,r:disturbing violent images,1
341,296,r:graphic sexuality,1
342,296,r:some violence,1
343,296,r:strong bloody violence,1
344,296,r:strong language,1
345,296,r:sustained strong stylized violence,1
346,296,r:violence,1
347,296,random,1
348,296,rape,1
349,296,retro,1
350,296,royal with cheese,1
351,296,sarcasm,1
352,296,satire,1
353,296,sexy,1
354,296,smart writing,1
355,296,sophisticated,1
356,296,soundtrack,1
357,296,splatter,1
358,296,storytelling,1
359,296,stylish,1
360,296,stylized,1
361,296,suspense,1
362,296,thought-provoking,1
363,296,thriller,1
364,296,travolta,1
365,296,twist ending,1
366,296,unique,1
367,296,unpredictable,1
368,296,unusual,1
369,296,very funny,1
370,296,violence,1
371,296,violent,1
372,296,witty,1
373,300,TV,1
374,307,Death,1
375,308,cynical,1
376,308,marriage,1
377,316,time travel,1
378,317,Christmas,1
379,318,Morgan Freeman,1
380,318,Stephen King,1
381,318,prison,1
382,318,wrongful imprisonment,1
383,326,In Netflix queue,1
384,329,Enterprise,1
385,337,mental illness,1
386,338,serial killer,1
387,339,coma,1
388,342,Australia,1
389,342,weddings,1
390,345,cross dressing,1
391,345,men in drag,1
392,345,remade,1
393,349,Tom Clancy,1
394,350,John Grisham,1
395,351,interracial romance,1
396,356,Vietnam,1
397,356,bittersweet,1
398,356,bubba gump shrimp,1
399,356,emotional,1
400,356,heartwarming,1
401,356,lieutenant dan,1
402,356,shrimp,1
403,356,stupid is as stupid does,1
404,356,touching,1
405,357,wedding,1
406,361,gambling,1
407,363,Holocaust,1
408,363,In Netflix queue,1
409,364,Disney,2
410,364,Disney animated feature,1
411,364,Oscar (Best Music - Original Score),1
412,364,soundtrack,1
413,371,journalism,1
414,377,bus,1
415,380,spies,1
416,381,alcoholism,1
417,410,Christina Ricci,1
418,410,Christopher Lloyd,1
419,410,black comedy,1
420,410,dark comedy,1
421,410,family,1
422,410,gothic,1
423,412,Edith Wharton,1
424,413,Comedy,1
425,421,horses,1
426,425,Oscar (Best Actress),1
427,425,mental illness,1
428,431,Al Pacino,1
429,431,gangster,1
430,431,mafia,1
431,440,President,1
432,454,John Grisham,1
433,457,based on a TV show,1
434,471,hula hoop,1
435,474,assassination,1
436,475,Ireland,1
437,477,biopic,1
438,480,Dinosaur,1
439,488,Japan,1
440,488,sexuality,1
441,497,Shakespeare,1
442,500,cross dressing,1
443,500,divorce,1
444,500,men in drag,1
445,508,AIDs,1
446,513,radio,1
447,513,show business,1
448,515,Butler,1
449,515,Housekeeper,1
450,516,military,1
451,522,Australia,1
452,522,racism,1
453,522,violence,1
454,524,football,1
455,527,Holocaust,1
456,527,based on a true story,1
457,527,biography,1
458,527,disturbing,1
459,527,holocaust,1
460,527,moving,1
461,527,thought-provoking,1
462,529,chess,1
463,531,In Netflix queue,1
464,534,C.S. Lewis,1
465,535,large cast,1
466,538,race,1
467,539,Empire State Building,1
468,540,bad,1
469,541,Philip K. Dick,1
470,541,androids,1
471,541,artificial intelligence,1
472,541,atmospheric,2
473,541,cyberpunk,1
474,541,dreamlike,1
475,541,existentialism,1
476,541,future,1
477,541,mindfuck,1
478,541,philosophical,1
479,541,robots,1
480,541,sci-fi,1
481,543,beat poetry,1
482,551,Christmas,1
483,551,Halloween,1
484,552,knights,1
485,556,politics,1
486,562,adolescence,1
487,586,christmas,1
488,587,overrated,1
489,588,Disney,1
490,589,Arnold Schwarzenegger,1
491,589,Scifi masterpiece,1
492,589,Suspense,1
493,589,apocalypse,1
494,589,nuclear war,1
495,589,robots,1
496,589,sci-fi,1
497,589,time travel,1
498,590,American Indians,1
499,590,Native Americans,1
500,592,superhero,1
501,593,Hannibal Lector,1
502,593,disturbing,1
503,593,drama,1
504,593,gothic,1
505,593,psychology,1
506,593,suspense,1
507,594,Disney,1
508,595,Disney,1
509,596,Disney,1
510,597,prostitution,1
511,608,Coen Brothers,1
512,608,KIDNAPPING,1
513,608,Steve Buscemi,1
514,608,based on a true story,1
515,608,dark comedy,1
516,616,Disney,1
517,628,edward norton,1
518,628,priest,1
519,628,psychology,1
520,628,suspense,1
521,628,thought-provoking,1
522,628,twist ending,1
523,638,babies,1
524,647,Gulf War,1
525,648,based on a TV show,1
526,668,India,1
527,670,India,1
528,671,spoof,1
529,673,Bugs Bunny,1
530,707,bad,1
531,708,Veterinarian,1
532,720,Aardman,1
533,728,In Netflix queue,1
534,733,Alcatraz,1
535,733,Michael Bay,1
536,733,terrorism,1
537,736,Disaster,1
538,745,Aardman,1
539,748,aliens,1
540,750,Atomic bomb,1
541,750,Quirky,1
542,750,Slim Pickens,1
543,750,black comedy,2
544,750,dark comedy,3
545,750,purity of essence,1
546,750,satire,1
547,778,based on a book,1
548,778,dark comedy,1
549,778,drug abuse,1
550,778,narrated,1
551,780,aliens,1
552,800,In Netflix queue,1
553,805,John Grisham,1
554,818,based on a TV show,1
555,830,adultery,1
556,832,GIVE ME BACK MY SON!,1
557,832,It was melodramatic and kind of dumb,1
558,832,Mel Gibson,1
559,832,kidnapping,1
560,836,seen at the cinema,1
561,838,Jane Austen,1
562,852,golf,1
563,858,Mafia,1
564,892,Shakespeare,1
565,898,divorce,1
566,899,movie business,1
567,900,France,1
568,902,Capote,1
569,903,Alfred Hitchcock,1
570,903,Atmospheric,1
571,903,James Stewart,1
572,903,falling,1
573,903,imdb top 250,1
574,904,James Stewart,1
575,904,imdb top 250,1
576,904,mystery,1
577,904,photographer,1
578,904,photography,1
579,904,voyeurism,1
580,905,Screwball,1
581,906,Brooch,1
582,907,divorce,1
583,908,Alfred Hitchcock,1
584,908,Mount Rushmore,1
585,908,imdb top 250,1
586,909,adultery,1
587,910,men in drag,1
588,911,heist,1
589,912,start of a beautiful friendship,1
590,913,statue,1
591,914,George Bernard Shaw,1
592,915,rich guy - poor girl,1
593,916,Italy,1
594,916,royalty,1
595,918,1900s,1
596,919,Dorothy,1
597,919,Toto,1
598,920,Civil War,1
599,921,television,1
600,922,eerie,1
601,922,movie business,1
602,922,movies,1
603,923,Rosebud,1
604,924,Arthur C. Clarke,1
605,924,Dull,1
606,924,Hal,1
607,924,Oscar (Best Effects - Visual Effects),1
608,924,Stanley Kubrick,1
609,924,aliens,1
610,924,apes,1
611,924,artificial intelligence,1
612,924,atmospheric,1
613,924,cinematography,1
614,924,classic,1
615,924,computer,1
616,924,confusing ending,1
617,924,cult film,1
618,924,future,1
619,924,futuristic,1
620,924,imdb top 250,1
621,924,masterpiece,1
622,924,meditative,1
623,924,music,1
624,924,mystery,1
625,924,overrated,1
626,924,philosophical,1
627,924,relaxing,1
628,924,revolutionary,1
629,924,robots,1
630,924,sci-fi,1
631,924,setting:space/space ship,1
632,924,slow,1
633,924,slow paced,1
634,924,soundtrack,1
635,924,space,2
636,924,space travel,1
637,924,spacecraft,1
638,924,superb soundtrack,1
639,924,surreal,1
640,924,technology,1
641,924,tedious,1
642,924,visual,1
643,924,visually appealing,1
644,926,Hollywood,1
645,927,divorce,1
646,928,Mrs. DeWinter,1
647,929,Europe,1
648,929,journalism,1
649,929,war,1
650,930,assassination,1
651,931,amnesia,1
652,934,wedding,1
653,936,Cold War,1
654,936,Russia,1
655,938,prostitution,1
656,940,swashbuckler,1
657,941,swashbuckler,1
658,943,ghosts,1
659,944,Shangri-La,1
660,945,Astaire and Rogers,1
661,947,butler,1
662,947,homeless,1
663,947,screwball,1
664,948,oil,1
665,950,Nick and Nora Charles,1
666,951,Screwball,1
667,952,race,1
668,953,Christmas,1
669,954,Politics,1
670,955,leopard,1
671,955,screwball,1
672,956,adoption,1
673,965,fugitive,1
674,968,zombies,1
675,969,missionary,1
676,970,crime,1
677,971,Tennessee Williams,1
678,973,journalism,1
679,976,Hemingway,1
680,986,Animal movie,1
681,991,Ireland,1
682,994,food,1
683,1006,John Grisham,1
684,1006,death penalty,1
685,1010,Disney,1
686,1010,race,1
687,1013,twins,1
688,1022,Disney,1
689,1025,Disney,1
690,1025,King Arthur,1
691,1028,Disney,1
692,1028,nanny,1
693,1029,Disney,1
694,1030,Disney,1
695,1032,Disney,1
696,1033,Disney,1
697,1035,Rogers and Hammerstein,1
698,1041,In Netflix queue,1
699,1042,Music,1
700,1059,Amazing Cinematography,1
701,1059,Leonardo DiCaprio,1
702,1059,Shakespeare,1
703,1059,shakespeare,1
704,1059,updated classics,1
705,1066,Astaire and Rogers,1
706,1068,anti-Semitism,1
707,1076,governess,1
708,1079,fish,1
709,1080,Bible,1
710,1080,parody,1
711,1080,religion,1
712,1081,cross dressing,1
713,1082,politics,1
714,1084,1920s,1
715,1084,gangsters,1
716,1088,dance,1
717,1088,music,1
718,1089,Quentin Tarantino,2
719,1089,Tarantino,1
720,1089,ensemble cast,1
721,1089,heist,1
722,1089,humorous,1
723,1089,neo-noir,1
724,1089,nonlinear,1
725,1089,religion,1
726,1089,stylized,1
727,1089,violence,1
728,1090,Vietnam,1
729,1093,1960s,1
730,1093,Jim Morrison,1
731,1093,music,1
732,1096,Holocaust,1
733,1097,aliens,1
734,1101,Navy,1
735,1101,predictable,1
736,1103,1950s,1
737,1103,adolescence,1
738,1104,Tennessee Williams,1
739,1120,freedom of expression,1
740,1124,aging,1
741,1125,Clousseau,1
742,1135,military,1
743,1136,England,1
744,1136,King Arthur,1
745,1136,Monty Python,1
746,1136,british comedy,1
747,1147,In Netflix queue,1
748,1147,boxing,1
749,1148,Aardman,1
750,1171,politics,1
751,1177,Italy,1
752,1178,court,1
753,1178,military,1
754,1179,crime,1
755,1183,adultery,1
756,1185,In Netflix queue,1
757,1187,disability,1
758,1188,Australia,1
759,1188,dance,1
760,1189,In Netflix queue,1
761,1189,police,1
762,1193,emotional,1
763,1193,jack nicholson,1
764,1193,mental illness,1
765,1196,George Lucas,1
766,1196,Harrison Ford,1
767,1196,I am your father,1
768,1196,classic,1
769,1196,music,1
770,1196,original plot,1
771,1196,sci-fi,1
772,1196,sequel,1
773,1196,space,1
774,1196,space opera,1
775,1197,Inigo Montoya,1
776,1197,six-fingered man,1
777,1198,Steven Spielberg,1
778,1198,adventure,1
779,1198,archaeology,2
780,1198,ark of the covenant,1
781,1198,indiana jones,2
782,1198,treasure hunt,1
783,1200,SPACE TRAVEL,1
784,1200,action,1
785,1200,aliens,1
786,1200,horror,1
787,1200,sci-fi,1
788,1200,space,2
789,1200,space craft,1
790,1200,suspense,1
791,1201,spaghetti western,1
792,1203,Motivational,1
793,1203,claustrophobic,1
794,1203,confrontational,1
795,1203,court,1
796,1203,earnest,1
797,1203,good dialogue,1
798,1203,great screenplay,1
799,1203,gritty,1
800,1203,thought-provoking,1
801,1204,Middle East,1
802,1206,brainwashing,1
803,1207,Harper Lee,1
804,1207,racism,1
805,1208,Vietnam,1
806,1209,spaghetti western,1
807,1210,darth vader,1
808,1210,luke skywalker,1
809,1210,space opera,1
810,1212,Venice,1
811,1212,ferris wheel,1
812,1212,zither,1
813,1213,Mafia,1
814,1214,aliens,1
815,1217,samurai,1
816,1219,Alfred Hitchcock,2
817,1219,Norman Bates,1
818,1219,black and white,1
819,1219,imdb top 250,1
820,1219,psychology,1
821,1219,remade,1
822,1219,suspenseful,1
823,1219,tense,1
824,1220,Saturday Night Live,1
825,1221,Al Pacino,1
826,1221,Mafia,2
827,1222,Vietnam,1
828,1222,anti-war,1
829,1223,moon,1
830,1224,Shakespeare,1
831,1225,Mozart,1
832,1225,Salieri,1
833,1228,boxing,1
834,1230,New York,1
835,1231,NASA,1
836,1231,space,1
837,1233,submarine,1
838,1234,The Entertainer,1
839,1235,May-December romance,1
840,1237,atmospheric,1
841,1237,cerebral,1
842,1237,chess,1
843,1237,death,1
844,1237,existentialism,1
845,1237,philosophical,1
846,1237,reflective,1
847,1240,Action,1
848,1240,Sci-Fi,1
849,1240,artificial intelligence,1
850,1240,robots,2
851,1240,special effects,1
852,1240,tense,1
853,1240,time travel,1
854,1242,Civil War,1
855,1243,Shakespeare sort of,1
856,1244,black and white,1
857,1245,Mafia,1
858,1246,High School,1
859,1246,highschool,1
860,1247,Simon and Garfunkel,1
861,1249,hit men,1
862,1250,POW,1
863,1252,incest,1
864,1253,aliens,1
865,1254,Cold,1
866,1257,skiing,1
867,1258,Horror,1
868,1258,Stanley Kubrick,1
869,1258,Stephen King,1
870,1258,atmospheric,1
871,1258,disturbing,1
872,1258,jack nicholson,1
873,1258,masterpiece,1
874,1258,psychological,1
875,1258,suspense,1
876,1259,Stephen King,1
877,1260,atmospheric,1
878,1260,chilly,1
879,1260,creepy,1
880,1260,menacing,1
881,1260,mental illness,1
882,1260,oninous,1
883,1260,serial killer,1
884,1262,POW,1
885,1263,Vietnam,1
886,1266,revenge,1
887,1267,assassination,1
888,1267,brainwashing,1
889,1269,murder,1
890,1270,time travel,1
891,1272,World War II,1
892,1274,animation,1
893,1274,anime,1
894,1274,visually stunning,1
895,1276,prison,1
896,1277,In Netflix queue,1
897,1278,spoof,1
898,1280,In Netflix queue,1
899,1281,Nazis,1
900,1282,Disney,1
901,1283,gunfight,1
902,1284,Hammett,1
903,1285,high school,1
904,1288,heavy metal,1
905,1288,mockumentary,1
906,1288,music,2
907,1291,Holy Grail,1
908,1291,archaeology,1
909,1292,television,1
910,1293,India,1
911,1296,E. M. Forster,1
912,1299,Cambodia,1
913,1299,Vietnam,1
914,1301,Shakespeare sort of,1
915,1301,space,1
916,1302,baseball,1
917,1303,India,1
918,1304,crime,1
919,1307,New York,1
920,1333,birds,1
921,1343,Juliette Lewis,1
922,1343,Martin Scorsese,1
923,1343,Robert De Niro,1
924,1343,horror,1
925,1343,remake,1
926,1344,lawyer,1
927,1345,Stephen King,1
928,1345,high school,1
929,1345,prom,1
930,1348,vampires,1
931,1350,demons,1
932,1353,personals ads,1
933,1354,religion,1
934,1356,Borg,1
935,1357,music,1
936,1358,ex-con,1
937,1361,In Netflix queue,1
938,1363,religion,1
939,1366,Arthur Miller,1
940,1367,dogs,1
941,1367,remake,1
942,1372,Klingons,1
943,1374,Captain Kirk,1
944,1376,whales,1
945,1377,superhero,1
946,1380,high school,1
947,1381,high school,1
948,1387,Shark,1
949,1389,shark,1
950,1393,sports,1
951,1394,Coen Brothers,1
952,1396,spying,1
953,1398,Hemingway,1
954,1407,slasher,1
955,1407,spoof,1
956,1408,Hawkeye,1
957,1408,James Fennimore Cooper,1
958,1411,Shakespeare,1
959,1413,Conan,1
960,1416,Andrew Lloyd Weber,1
961,1423,In Netflix queue,1
962,1423,Vietnam,1
963,1441,Not Seen,1
964,1441,mental illness,1
965,1446,In Netflix queue,1
966,1449,mockumentary,1
967,1466,Mafia,1
968,1474,jungle,1
969,1485,lawyer,1
970,1496,Tolstoy,1
971,1500,hit men,1
972,1500,reunion,1
973,1513,reunion,1
974,1537,ballroom dance,1
975,1542,In Netflix queue,1
976,1544,dinosaurs,1
977,1545,death,1
978,1569,romantic comedy,1
979,1569,wedding,1
980,1569,weddings,1
981,1573,transplants,1
982,1580,aliens,1
983,1586,military,1
984,1608,president,1
985,1610,Tom Clancy,1
986,1617,Police,1
987,1625,Mystery,2
988,1625,mindfuck,1
989,1625,plot twist,1
990,1625,psychological,1
991,1625,suspense,1
992,1625,twist ending,2
993,1635,1970s,1
994,1643,England,1
995,1643,Queen Victoria,1
996,1645,lawyers,1
997,1650,Henry James,1
998,1653,future,1
999,1653,intelligent,1
1000,1653,thought-provoking,1
1001,1663,military,1
1002,1672,In Netflix queue,1
1003,1674,Amish,1
1004,1680,alternate universe,1
1005,1682,TV,1
1006,1683,Henry James,1
1007,1704,heartwarming,1
1008,1704,inspirational,2
1009,1711,Savannah,1
1010,1717,sequel,1
1011,1717,slasher,1
1012,1717,spoof,1
1013,1719,Canada,1
1014,1719,death,1
1015,1721,romance,1
1016,1721,shipwreck,1
1017,1726,Kevin Costner,1
1018,1726,Post apocalyptic,1
1019,1732,Coen Brothers,1
1020,1732,Cult classic,1
1021,1732,Highly quotable,1
1022,1732,Jeff Bridges,1
1023,1732,John Goodman,1
1024,1732,Julianne Moore,1
1025,1732,Nudity (Full Frontal),1
1026,1732,Philip Seymour Hoffman,1
1027,1732,Steve Buscemi,1
1028,1732,black comedy,1
1029,1732,bowling,1
1030,1732,classic,1
1031,1732,coen brothers,1
1032,1732,comedy,1
1033,1732,crime,1
1034,1732,cult film,1
1035,1732,dark comedy,1
1036,1732,deadpan,1
1037,1732,drugs,1
1038,1732,funny,1
1039,1732,great dialogue,1
1040,1732,great soundtrack,1
1041,1732,imdb top 250,1
1042,1732,kidnapping,1
1043,1732,marijuana,1
1044,1732,off-beat comedy,1
1045,1732,quirky,1
1046,1732,ransom,1
1047,1732,rug,1
1048,1732,sarcasm,1
1049,1732,satirical,1
1050,1732,violence,1
1051,1735,Charles Dickens,1
1052,1748,amnesia,1
1053,1777,1980s,1
1054,1779,good,1
1055,1797,In Netflix queue,1
1056,1801,seen more than once,1
1057,1810,politics,1
1058,1834,twist ending,1
1059,1836,No DVD at Netflix,1
1060,1893,In Netflix queue,1
1061,1900,In Netflix queue,1
1062,1902,generation X,1
1063,1909,conspiracy,1
1064,1912,heist,1
1065,1913,Australia,1
1066,1916,avant-garde romantic comedy,1
1067,1916,elegiac,1
1068,1916,melancholy,1
1069,1916,quirky,1
1070,1916,wry,1
1071,1917,space,1
1072,1921,artsy,1
1073,1921,atmospheric,1
1074,1921,cerebral,1
1075,1921,enigmatic,1
1076,1921,existentialism,1
1077,1921,hallucinatory,2
1078,1921,insanity,1
1079,1921,mathematics,1
1080,1921,mental illness,1
1081,1921,mindfuck,1
1082,1921,paranoia,1
1083,1921,paranoid,2
1084,1921,surreal,1
1085,1921,tense,1
1086,1921,visually appealing,1
1087,1923,Ben Stiller,2
1088,1923,crude humor,1
1089,1923,goofy,1
1090,1931,ships,1
1091,1938,alcoholism,1
1092,1940,Judaism,1
1093,1940,anti-Semitism,1
1094,1942,Huey Long,1
1095,1942,In Netflix queue,1
1096,1942,Robert Penn Warren,1
1097,1945,boxing,1
1098,1945,coulda been a contender,1
1099,1947,Gangs,1
1100,1948,British,1
1101,1950,racism,1
1102,1951,Dickens,1
1103,1952,prostitution,1
1104,1953,drugs,1
1105,1953,police,1
1106,1954,boxing,1
1107,1954,sports,1
1108,1955,divorce,1
1109,1957,Olympics,1
1110,1957,sports,1
1111,1959,Africa,1
1112,1959,adultery,1
1113,1960,China,1
1114,1961,autism,1
1115,1962,rasicm,1
1116,1975,Jason,1
1117,1976,Jason,1
1118,1977,Jason,1
1119,1978,Jason,1
1120,1979,Jason,1
1121,1983,halloween,1
1122,1984,halloween,1
1123,1994,ghosts,1
1124,1995,ghosts,1
1125,1996,ghosts,1
1126,1997,demons,1
1127,2006,California,1
1128,2006,Mexico,1
1129,2011,time travel,1
1130,2019,samurai,1
1131,2020,adultery,1
1132,2022,Bible,1
1133,2022,Katzanzakis,1
1134,2023,Al Pacino,1
1135,2023,Andy Garcia,1
1136,2023,Classic,1
1137,2023,Francis Ford Coppola,1
1138,2023,mafia,1
1139,2028,World War II,1
1140,2054,Disney,1
1141,2058,police,1
1142,2059,twins,1
1143,2064,General Motors,1
1144,2064,Michigan,1
1145,2065,In Netflix queue,1
1146,2066,memory,1
1147,2070,music,1
1148,2071,AIDs,1
1149,2071,In Netflix queue,1
1150,2076,sexuality,1
1151,2076,suburbia,1
1152,2078,Disney,1
1153,2080,Disney,1
1154,2085,Disney,1
1155,2097,Ray Bradbury,1
1156,2097,carnival,1
1157,2100,mermaid,1
1158,2108,weather forecaster,1
1159,2114,S.E. Hinton,1
1160,2115,archaeology,1
1161,2116,Tolkein,1
1162,2116,classic,1
1163,2118,Stephen King,1
1164,2121,Stephen King,1
1165,2122,Stephen King,1
1166,2124,Christina Ricci,1
1167,2124,Christopher Lloyd,1
1168,2124,Family,1
1169,2124,black comedy,1
1170,2124,gothic,1
1171,2124,quirky,1
1172,2138,atmospheric,1
1173,2138,beautiful,1
1174,2139,mice,1
1175,2145,1980s,1
1176,2145,high school,1
1177,2146,post-college,1
1178,2160,Atmospheric,1
1179,2160,creepy,1
1180,2160,demons,1
1181,2160,paranoia,1
1182,2160,scary,1
1183,2160,suspense,1
1184,2167,vampires,1
1185,2171,Boston,1
1186,2171,aquarium,1
1187,2171,personals ads,1
1188,2186,murder,1
1189,2187,theater,1
1190,2194,Capone,1
1191,2194,gangsters,1
1192,2202,survival,1
1193,2203,small towns,1
1194,2206,paranoia,1
1195,2208,train,1
1196,2243,journalism,1
1197,2247,Mafia,1
1198,2248,In Your Eyes,1
1199,2248,Lloyd Dobbler,1
1200,2249,Mafia,1
1201,2268,court,1
1202,2268,military,1
1203,2291,freaks,1
1204,2295,Screwball,1
1205,2296,SNL,1
1206,2300,Broadway,1
1207,2302,court,1
1208,2310,adolescence,1
1209,2312,death penalty,1
1210,2313,freaks,1
1211,2324,Heartwarming,1
1212,2324,Holocaust,1
1213,2324,bittersweet,1
1214,2324,emotional,1
1215,2324,poignant,1
1216,2324,sentimental,1
1217,2324,tear jerker,1
1218,2324,tearjerking,1
1219,2329,edward norton,1
1220,2329,emotional,1
1221,2329,politics,1
1222,2329,racism,1
1223,2329,thought-provoking,1
1224,2334,terrorism,1
1225,2335,football,1
1226,2336,England,1
1227,2351,In Netflix queue,1
1228,2355,Pixar,1
1229,2357,South America,1
1230,2360,In Netflix queue,1
1231,2387,dark comedy,1
1232,2387,dark humor,1
1233,2390,In Netflix queue,1
1234,2391,heist,1
1235,2393,Star Trek,1
1236,2393,cameo:Whoopi Goldberg,1
1237,2393,space opera,1
1238,2394,Bible,1
1239,2394,Moses,1
1240,2396,England,1
1241,2410,boxing,1
1242,2411,boxing,1
1243,2412,boxing,1
1244,2420,martial arts,1
1245,2421,martial arts,1
1246,2422,martial arts,1
1247,2423,christmas,1
1248,2424,e-mail,1
1249,2424,remake,1
1250,2431,bad,1
1251,2431,doctors,1
1252,2442,In Netflix queue,1
1253,2463,kidnapping,1
1254,2467,religion,1
1255,2470,Australia,1
1256,2471,Australia,1
1257,2491,food,1
1258,2494,Holocaust,1
1259,2494,Hungary,1
1260,2502,stapler,1
1261,2502,workplace,1
1262,2505,Nicolas Cage,1
1263,2506,disability,1
1264,2517,Stephen King,1
1265,2529,twist ending,1
1266,2550,ghosts,1
1267,2553,evil children,1
1268,2554,evil children,1
1269,2565,Siam,1
1270,2571,alternate universe,1
1271,2571,martial arts,1
1272,2571,philosophy,1
1273,2571,post apocalyptic,1
1274,2571,sci-fi,1
1275,2572,Shakespeare sort of,1
1276,2579,Christopher Nolan,1
1277,2579,Twist Ending,1
1278,2579,black and white,2
1279,2579,directorial debut,1
1280,2579,mindfuck,1
1281,2579,not linear,1
1282,2581,high school,1
1283,2583,southern US,1
1284,2598,golfing,1
1285,2600,virtual reality,1
1286,2612,motherhood,1
1287,2616,comic book,1
1288,2628,prequel,1
1289,2628,the Force,1
1290,2640,superhero,1
1291,2641,superhero,1
1292,2642,superhero,1
1293,2648,In Netflix queue,1
1294,2660,aliens,1
1295,2662,classic,1
1296,2664,1950s,1
1297,2677,In Netflix queue,1
1298,2692,alternate endings,1
1299,2693,Star Trek,1
1300,2694,Adam Sandler,1
1301,2699,spiders,1
1302,2700,Trey Parker,1
1303,2700,adult humor,1
1304,2700,controversial,1
1305,2700,crude humor,1
1306,2700,free speech,1
1307,2700,parody,1
1308,2700,satire,1
1309,2700,south park,1
1310,2706,Chris Klein,1
1311,2706,Jason Biggs,1
1312,2706,Seann William Scott,1
1313,2706,best comedy,1
1314,2706,dumb,1
1315,2706,not funny,1
1316,2706,pizza beer,1
1317,2706,teen,1
1318,2710,claims to be true,1
1319,2710,video,1
1320,2712,sexuality,1
1321,2716,ghosts,1
1322,2717,Ghosts,1
1323,2719,remake,1
1324,2723,superhero,1
1325,2726,heist,1
1326,2728,Rome,1
1327,2728,crucifixion,1
1328,2728,slavery,1
1329,2731,emotional,1
1330,2731,gentle,1
1331,2731,heartwarming,1
1332,2731,lyrical,1
1333,2731,reflective,1
1334,2745,Missionary,1
1335,2745,Priest,1
1336,2750,nostalgia,1
1337,2750,radio,1
1338,2761,animation,1
1339,2761,robots,1
1340,2762,Atmospheric,1
1341,2762,Bruce Willis,1
1342,2762,I see dead people,1
1343,2762,ghosts,2
1344,2762,imdb top 250,1
1345,2762,mindfuck,1
1346,2762,stylized,1
1347,2762,twist ending,1
1348,2787,Stephen King,1
1349,2791,aviation,1
1350,2791,spoof,1
1351,2797,children,1
1352,2801,gambling,1
1353,2803,lawyers,1
1354,2804,Christmas,1
1355,2827,aliens,1
1356,2863,Beatles,1
1357,2871,river,1
1358,2872,England,1
1359,2872,King Arthur,1
1360,2905,In Netflix queue,1
1361,2915,prostitution,1
1362,2918,High School,1
1363,2919,Academy award (Best Supporting Actress),1
1364,2919,Indonesia,1
1365,2919,journalism,1
1366,2927,adultery,1
1367,2935,gambling,1
1368,2937,screwball,1
1369,2939,In Netflix queue,1
1370,2940,nightclub,1
1371,2941,island,1
1372,2943,Vietnam,1
1373,2951,bad,1
1374,2952,gambling,1
1375,2953,Macaulay Culkin,1
1376,2953,family,1
1377,2953,funny,1
1378,2953,sequel,1
1379,2959,Brad Pitt,1
1380,2959,Chuck Palahniuk,1
1381,2959,David Fincher,1
1382,2959,Edward Norton,1
1383,2959,Nudity (Topless),1
1384,2959,Palahnuik,1
1385,2959,TERRORISM,1
1386,2959,action,1
1387,2959,atmospheric,1
1388,2959,based on a book,1
1389,2959,challenging,1
1390,2959,classic,1
1391,2959,clever,1
1392,2959,complicated,1
1393,2959,consumerism,1
1394,2959,crime,1
1395,2959,dark,1
1396,2959,dark comedy,3
1397,2959,disturbing,1
1398,2959,double life,1
1399,2959,fighting,1
1400,2959,great acting,1
1401,2959,helena bonham carter,1
1402,2959,imaginary friend,1
1403,2959,imdb top 250,1
1404,2959,mental illness,1
1405,2959,mind-blowing,1
1406,2959,mindfuck,1
1407,2959,narrated,1
1408,2959,philosophical,1
1409,2959,philosophy,1
1410,2959,postmodern,1
1411,2959,powerful ending,1
1412,2959,psychological,1
1413,2959,psychological thriller,1
1414,2959,psychology,2
1415,2959,quirky,1
1416,2959,satirical,1
1417,2959,schizophrenia,1
1418,2959,social commentary,1
1419,2959,societal criticism,1
1420,2959,stylized,1
1421,2959,surreal,1
1422,2959,thought-provoking,2
1423,2959,twist,1
1424,2959,twist ending,2
1425,2959,violence,2
1426,2959,violent,1
1427,2966,brothers,1
1428,2966,lawn mower,1
1429,2967,evil children,1
1430,2968,time travel,1
1431,2987,live action/animation,1
1432,3000,Studio Ghibli,1
1433,3000,adventure,1
1434,3000,anime,1
1435,3000,atmospheric,1
1436,3000,fantasy world,1
1437,3000,surreal,1
1438,3006,tobacco,1
1439,3006,true story,1
1440,3007,In Netflix queue,1
1441,3011,dance marathon,1
1442,3028,Shakespeare,1
1443,3030,samurai,1
1444,3039,Dan Aykroyd,1
1445,3039,class,1
1446,3040,camp,1
1447,3044,memory,1
1448,3044,music,1
1449,3052,Kevin Smith,1
1450,3052,irreverent,1
1451,3052,jay and silent bob,1
1452,3052,religion,1
1453,3052,satire,1
1454,3060,In Netflix queue,1
1455,3071,high school,1
1456,3072,New York,1
1457,3077,In Netflix queue,1
1458,3077,Up series,1
1459,3081,Ichabod Crane,1
1460,3087,christmas,1
1461,3087,new york,1
1462,3095,depression,1
1463,3095,dust bowl,1
1464,3097,remade,1
1465,3098,baseball,1
1466,3098,sports,1
1467,3101,adultery,1
1468,3108,homeless,1
1469,3111,racism,1
1470,3114,Disney,1
1471,3114,Pixar,2
1472,3114,Tom Hanks,1
1473,3114,animation,1
1474,3114,funny,1
1475,3114,original,1
1476,3114,sequel,1
1477,3115,men in drag,1
1478,3125,Graham Greene,1
1479,3134,downbeat,1
1480,3134,poignant,1
1481,3135,fatherhood,1
1482,3147,Stephen King,1
1483,3152,black-and-white,1
1484,3160,L.A.,1
1485,3174,Andy Kaufman,1
1486,3175,spoof,1
1487,3176,Europe,1
1488,3176,Jude Law,1
1489,3176,based on a book,1
1490,3176,creepy,1
1491,3176,disturbing,1
1492,3176,murder,2
1493,3176,obsession,1
1494,3176,psychology,1
1495,3176,secrets,1
1496,3176,serial killer,1
1497,3176,suspense,1
1498,3178,boxing,1
1499,3181,Shakespeare,1
1500,3186,Brittany Murphy,1
1501,3186,Mental Hospital,1
1502,3186,asylum,1
1503,3186,based on a true story,1
1504,3186,psychology,1
1505,3186,winona ryder,1
1506,3192,In Netflix queue,1
1507,3210,high school,1
1508,3211,Australia,1
1509,3211,a dingo ate my baby,1
1510,3247,nuns,1
1511,3250,In Netflix queue,1
1512,3258,plastic surgery,1
1513,3259,Ireland,1
1514,3260,E.M. Forster,1
1515,3263,basketball,1
1516,3265,gun fu,1
1517,3265,heroic bloodshed,1
1518,3266,black comedy,1
1519,3266,crazy,1
1520,3266,dark,1
1521,3266,dark comedy,1
1522,3266,dark humor,1
1523,3266,serial killer,1
1524,3270,figure skating,1
1525,3273,slasher,1
1526,3273,spoof,1
1527,3281,sexuality,1
1528,3306,big top,1
1529,3306,circus,1
1530,3307,blind,1
1531,3310,orphans,1
1532,3317,writing,1
1533,3330,adolescence,1
1534,3330,sexuality,1
1535,3338,In Netflix queue,1
1536,3341,remade,1
1537,3360,basketball,1
1538,3384,subway,1
1539,3385,Peace Corp,1
1540,3386,politics,1
1541,3386,president,1
1542,3408,scandal,1
1543,3408,true story,1
1544,3420,lawyers,1
1545,3421,TOGA,1
1546,3421,college,1
1547,3424,great cinematography,1
1548,3424,racism,1
1549,3429,aardman,1
1550,3435,Insurance,1
1551,3447,Pearl S Buck,1
1552,3451,Hepburn and Tracy,1
1553,3451,interracial marriage,1
1554,3451,prejudice,1
1555,3451,racism,1
1556,3456,In Netflix queue,1
1557,3461,island,1
1558,3462,factory,1
1559,3468,pool,1
1560,3469,court,1
1561,3469,evolution,1
1562,3469,religion,1
1563,3475,class,1
1564,3481,Nick Hornby,1
1565,3481,music,1
1566,3489,Peter Pan,1
1567,3498,In Netflix queue,1
1568,3499,claustrophobic,1
1569,3499,horror,1
1570,3499,scary,1
1571,3499,stephen king,1
1572,3499,suspenseful,1
1573,3499,tense,1
1574,3499,thriller,1
1575,3502,death,1
1576,3504,journalism,1
1577,3507,In Netflix queue,1
1578,3512,transplants,1
1579,3515,alternate endings,1
1580,3526,families,1
1581,3527,Arnold Schwarzenegger,1
1582,3527,Jesse Ventura,1
1583,3527,aliens,2
1584,3527,dialogue,1
1585,3527,guns,1
1586,3527,macho,1
1587,3527,sci-fi,2
1588,3527,scifi cult,2
1589,3528,psychiatrist,1
1590,3536,priest,1
1591,3536,rabbi,1
1592,3546,show business,1
1593,3548,1920s,1
1594,3549,Gambling,1
1595,3552,golf,1
1596,3556,1970s,1
1597,3556,sofia coppola,1
1598,3556,suicide,1
1599,3559,In Netflix queue,1
1600,3566,business,1
1601,3566,religion,1
1602,3578,Epic,1
1603,3578,Romans,1
1604,3578,Rome,1
1605,3578,Russell Crowe,1
1606,3578,ancient Rome,1
1607,3578,history,1
1608,3578,imdb top 250,1
1609,3578,revenge,1
1610,3608,Pee Wee Herman,1
1611,3629,mining,1
1612,3671,dark humor,1
1613,3671,easygoing,1
1614,3671,silly,1
1615,3675,Christmas,1
1616,3676,Atmospheric,1
1617,3676,In Netflix queue,1
1618,3676,Insane,1
1619,3676,art house,1
1620,3676,creepy,1
1621,3676,cryptic,1
1622,3676,dark,1
1623,3676,disturbing,1
1624,3676,dreamlike,1
1625,3676,enigmatic,1
1626,3676,fucked up,1
1627,3676,gruesome,1
1628,3676,hallucinatory,1
1629,3676,paranoid,1
1630,3676,strange,1
1631,3676,surreal,1
1632,3676,weird,1
1633,3683,Coen Brothers,1
1634,3712,television,1
1635,3723,Shakespeare,1
1636,3724,Vietnam,1
1637,3730,spying,1
1638,3735,police,1
1639,3793,action,1
1640,3793,comic book,1
1641,3793,hugh jackman,1
1642,3793,marvel,1
1643,3793,superhero,2
1644,3801,court,1
1645,3811,court,1
1646,3816,missing children,1
1647,3844,diabetes,1
1648,3849,disability,1
1649,3859,In Netflix queue,1
1650,3859,televangelist,1
1651,3877,superhero,1
1652,3897,Rolling Stone,1
1653,3897,journalism,1
1654,3897,music,2
1655,3910,blindness,1
1656,3910,factory,1
1657,3911,Dogs,1
1658,3911,satire,1
1659,3932,invisibility,1
1660,3948,Robert De Niro,1
1661,3948,comedy,1
1662,3949,depressing,1
1663,3949,drug abuse,1
1664,3949,psychology,1
1665,3951,In Netflix queue,1
1666,3967,ballet,1
1667,3983,family,1
1668,3988,Dr. Seuss,1
1669,3994,atmospheric,2
1670,3994,comics,1
1671,3994,father-son relationship,1
1672,3994,mindfuck,1
1673,3994,somber,1
1674,3994,superhero,1
1675,3994,unique,1
1676,3996,china,1
1677,3996,martial arts,1
1678,4007,business,1
1679,4012,stand-up comedy,1
1680,4015,bad,1
1681,4019,writing,1
1682,4024,Edith Wharton,1
1683,4025,pageant,1
1684,4027,bluegrass,1
1685,4029,movies,1
1686,4034,based on a TV show,1
1687,4034,drugs,1
1688,4046,Quakers,1
1689,4077,psychopaths,1
1690,4105,zombies,1
1691,4113,Tennessee Williams,1
1692,4117,In Netflix queue,1
1693,4138,demons,1
1694,4144,Beautiful,1
1695,4144,Unique,1
1696,4144,atmospheric,1
1697,4144,bittersweet,1
1698,4144,dreamy,1
1699,4144,elegant,1
1700,4144,heartbreaking,1
1701,4144,intimate,1
1702,4144,loneliness,1
1703,4144,long takes,1
1704,4144,longing,1
1705,4144,melancholic,1
1706,4144,melancholy,1
1707,4144,moody,1
1708,4144,nocturnal,1
1709,4144,romantic,1
1710,4144,visually appealing,1
1711,4144,visually stunning,1
1712,4160,death penalty,1
1713,4164,New York,1
1714,4164,homeless,1
1715,4166,reality TV,1
1716,4171,Eugene O'Neill,1
1717,4174,In Netflix queue,1
1718,4184,Christmas,1
1719,4189,Bible,1
1720,4189,religion,1
1721,4190,preacher,1
1722,4190,religion,1
1723,4191,sexuality,1
1724,4194,In Netflix queue,1
1725,4204,virginity,1
1726,4210,Hannibal Lecter,1
1727,4210,serial killer,1
1728,4211,von Bulow,1
1729,4214,college,1
1730,4218,In Netflix queue,1
1731,4221,football,1
1732,4223,Ed Harris,1
1733,4223,Jude Law,1
1734,4223,Rachel Weisz,1
1735,4223,World War II,1
1736,4223,sniper,1
1737,4226,Backwards. memory,1
1738,4226,Mindfuck,1
1739,4226,cerebral,1
1740,4226,dark,1
1741,4226,dreamlike,1
1742,4226,mystery,2
1743,4226,nonlinear,1
1744,4226,psychological,1
1745,4226,psychology,1
1746,4226,twist ending,3
1747,4232,spying,1
1748,4246,singletons,1
1749,4259,Nabokov,1
1750,4262,Al Pacino,1
1751,4263,alcoholism,1
1752,4292,Union,1
1753,4296,death,1
1754,4306,fairy tales,1
1755,4312,In Netflix queue,1
1756,4316,figure skating,1
1757,4326,race,1
1758,4326,rasicm,1
1759,4333,Strangers on a Train,1
1760,4343,Seann William Scott,1
1761,4343,really bad,1
1762,4347,Holocaust,1
1763,4356,In Netflix queue,1
1764,4359,adultery,1
1765,4361,men in drag,1
1766,4370,Bittersweet,1
1767,4370,Steven Spielberg,1
1768,4370,android(s)/cyborg(s),1
1769,4370,artificial intelligence,1
1770,4370,robots,1
1771,4380,accident,1
1772,4396,race,1
1773,4404,In Netflix queue,1
1774,4446,sci-fi,1
1775,4447,lawyers,1
1776,4448,boring,1
1777,4448,heist,1
1778,4454,claymation,1
1779,4454,creativity,1
1780,4454,dystopia,1
1781,4454,free to download,1
1782,4454,imagination,1
1783,4454,no dialogue,1
1784,4454,social commentary,1
1785,4465,rape,1
1786,4476,twins,1
1787,4477,circus,1
1788,4489,Africa,1
1789,4489,immigrants,1
1790,4495,New York,1
1791,4526,aliens,1
1792,4537,hippies,1
1793,4545,robots,1
1794,4546,kidnapping,1
1795,4546,remade,1
1796,4552,"""artsy""",1
1797,4552,atmospheric,1
1798,4552,gritty,1
1799,4552,hallucinatory,1
1800,4552,surreal,1
1801,4552,visually stunning,1
1802,4558,twins,1
1803,4571,time travel,1
1804,4600,doctors,1
1805,4612,reciprocal spectator,1
1806,4621,babies,1
1807,4623,baseball,1
1808,4638,dinosaurs,1
1809,4639,Hollywood,1
1810,4639,movie business,1
1811,4641,adolescence,1
1812,4677,dogs,1
1813,4678,television,1
1814,4688,In Netflix queue,1
1815,4708,reciprocal spectator,1
1816,4725,Well Done,1
1817,4725,mental hospital,1
1818,4725,psychology,1
1819,4725,suspense,1
1820,4787,prodigies,1
1821,4801,family,1
1822,4808,remake,1
1823,4809,Nuclear disaster,1
1824,4809,union,1
1825,4812,NASA,1
1826,4812,space,1
1827,4816,David Bowie,1
1828,4816,Will Ferrell,1
1829,4816,ben stiller,1
1830,4816,comedy,1
1831,4816,goofy,1
1832,4816,mindless one liners,1
1833,4823,wedding,1
1834,4835,Loretta Lynn,1
1835,4857,Judaism,1
1836,4857,Tradition!,1
1837,4874,aliens,1
1838,4874,psychiatrist,1
1839,4878,atmospheric,2
1840,4878,cerebral,1
1841,4878,cult film,1
1842,4878,dreamlike,3
1843,4878,enigmatic,1
1844,4878,hallucinatory,3
1845,4878,jake gyllenhaal,1
1846,4878,mental illness,2
1847,4878,mindfuck,1
1848,4878,philosophy,1
1849,4878,psychological,2
1850,4878,psychology,1
1851,4878,quirky,1
1852,4878,social commentary,1
1853,4878,surreal,2
1854,4878,teen,1
1855,4878,thought-provoking,2
1856,4878,time travel,2
1857,4878,weird,1
1858,4881,Coen Brothers,1
1859,4896,Everything you want is here,1
1860,4896,Magic,2
1861,4896,Wizards,1
1862,4896,alan rickman,1
1863,4896,harry potter,1
1864,4896,humorous,1
1865,4902,ghosts,1
1866,4920,psychology,1
1867,4963,heist,1
1868,4969,In Netflix queue,1
1869,4970,nightclub,1
1870,4970,singers,1
1871,4973,whimsical,1
1872,4979,new york,1
1873,4980,time travel,1
1874,4993,Magic,1
1875,4993,Tolkein,1
1876,4993,fantasy,1
1877,4993,high fantasy,1
1878,4993,mythology,1
1879,4993,tolkien,1
1880,4993,wizards,1
1881,4995,mathematics,1
1882,4998,racism,1
1883,5008,Agatha Christie,1
1884,5008,court,1
1885,5012,Judaism,1
1886,5012,cross dressing,1
1887,5015,race,1
1888,5034,Ghost,1
1889,5064,Dumas,1
1890,5064,remake,1
1891,5064,revenge,1
1892,5088,irreverent,1
1893,5114,movie business,1
1894,5120,In Netflix queue,1
1895,5135,India,1
1896,5139,baseball,1
1897,5213,religion,1
1898,5224,In Netflix queue,1
1899,5238,In Netflix queue,1
1900,5254,Great movie,1
1901,5254,Wesley Snipes,1
1902,5266,crime,1
1903,5291,In Netflix queue,1
1904,5291,black and white,1
1905,5291,samurai,2
1906,5294,religion,1
1907,5304,In Netflix queue,1
1908,5316,World War II,1
1909,5349,superhero,1
1910,5353,blind,1
1911,5377,Nick Hornby,1
1912,5379,Judaism,1
1913,5379,anti-Semitism,1
1914,5388,Al Pacino,1
1915,5388,Hilary Swank,1
1916,5388,Robin Williams,1
1917,5388,atmospheric,2
1918,5388,insomnia,1
1919,5388,thought-provoking,1
1920,5398,boxing,1
1921,5404,books,1
1922,5445,future,1
1923,5446,Australia,1
1924,5450,sisterhood,1
1925,5450,women,1
1926,5451,disability,1
1927,5451,mental illness,1
1928,5459,crappy sequel,1
1929,5459,first was much better,1
1930,5459,sequel,1
1931,5464,Tom Hanks,1
1932,5464,cinematography,1
1933,5470,Oscar Wilde,1
1934,5475,In Netflix queue,1
1935,5483,movie business,1
1936,5498,In Netflix queue,1
1937,5502,aliens,1
1938,5505,adultery,1
1939,5505,younger men,1
1940,5527,AS Byatt,1
1941,5527,books,1
1942,5528,photography,1
1943,5528,psychopaths,1
1944,5548,homeless,1
1945,5577,adolescence,1
1946,5601,Animal movie,1
1947,5603,crime,1
1948,5603,heist,1
1949,5618,anime,1
1950,5629,Bible,1
1951,5630,Hannibal Lecter,1
1952,5633,bombs,1
1953,5644,Lou Gehrig,1
1954,5644,baseball,1
1955,5669,violence in america,1
1956,5673,anger,1
1957,5673,awkward,1
1958,5673,bittersweet,1
1959,5673,hallucinatory,1
1960,5673,pudding,1
1961,5673,quirky,1
1962,5673,sad,1
1963,5673,surreal,1
1964,5673,symbolism,1
1965,5673,tense,1
1966,5673,unconventional,1
1967,5673,unique,1
1968,5673,wistful,1
1969,5682,Holocaust,1
1970,5685,Girl Power,1
1971,5690,beautiful,1
1972,5690,downbeat,1
1973,5690,grim,1
1974,5690,made me cry,1
1975,5690,orphans,1
1976,5690,poignant,1
1977,5690,tear jerker,1
1978,5690,tragedy,1
1979,5690,tragic,1
1980,5694,70mm,1
1981,5721,In Netflix queue,1
1982,5721,Judaism,1
1983,5747,World War I,1
1984,5791,art,1
1985,5792,dating,1
1986,5802,teenagers,1
1987,5812,salute to Douglas Sirk,1
1988,5816,Magic,1
1989,5816,Wizards,1
1990,5820,music business,1
1991,5875,short films,1
1992,5876,Graham Greene,1
1993,5878,coma,1
1994,5899,Africa,1
1995,5952,Myth,1
1996,5952,Tolkein,1
1997,5954,crime,1
1998,5954,nightclub,1
1999,5971,anime,1
2000,5989,Leonardo DiCaprio,1
2001,5989,Tom Hanks,1
2002,5989,cheating,1
2003,5989,crime,1
2004,5989,intelligent,1
2005,5989,lies,1
2006,5989,smart,1
2007,5989,twists & turns,1
2008,5991,court,1
2009,5991,jazz,1
2010,5991,murder,1
2011,5994,Dickens,1
2012,5995,Holocaust,1
2013,5995,holocaust,1
2014,5995,true story,1
2015,6002,drugs,1
2016,6002,planes,1
2017,6002,widows/widowers,1
2018,6003,television,1
2019,6016,crime,1
2020,6016,multiple storylines,1
2021,6016,not seen,1
2022,6016,photography,1
2023,6016,true story,1
2024,6016,violence,1
2025,6020,class,1
2026,6027,In Netflix queue,1
2027,6031,motherhood,1
2028,6031,race,1
2029,6041,In Netflix queue,1
2030,6058,sequel,1
2031,6058,violent,1
2032,6063,doll,1
2033,6090,ghosts,1
2034,6101,Chile,1
2035,6101,South America,1
2036,6101,politics,1
2037,6104,spoof,1
2038,6107,World War II,1
2039,6156,England,1
2040,6157,Ben Affleck,1
2041,6157,bad,1
2042,6159,adolescence,1
2043,6163,obsession,1
2044,6170,horses,1
2045,6178,blind,1
2046,6178,blindness,1
2047,6178,race,1
2048,6181,Civil War,1
2049,6181,Stephen Crane,1
2050,6183,Day and Hudson,1
2051,6183,sexuality,1
2052,6188,Will Ferrell,1
2053,6188,comedy,1
2054,6195,Stones of Summer,1
2055,6195,books,1
2056,6197,mental illness,1
2057,6201,England,1
2058,6214,dark,1
2059,6214,disturbing,1
2060,6216,World War II,1
2061,6218,soccer,1
2062,6228,In Netflix queue,1
2063,6232,animal movie,1
2064,6232,lions,1
2065,6235,Holocaust,1
2066,6235,World War II,1
2067,6238,immigrants,1
2068,6242,television,1
2069,6244,In Netflix queue,1
2070,6245,prostitution,1
2071,6254,screwball,1
2072,6268,adolescence,1
2073,6269,Big Brothers,1
2074,6273,L.A.,1
2075,6281,crime,1
2076,6283,amazing artwork,1
2077,6283,anime,1
2078,6283,sci-fi,1
2079,6286,amnesia,1
2080,6288,gangs,1
2081,6289,Titanic,1
2082,6290,Rob Zombie,1
2083,6291,Depressing,1
2084,6291,melancholy,1
2085,6291,prostitution,1
2086,6291,sad,1
2087,6296,mockumentary,1
2088,6297,children,1
2089,6299,birds,1
2090,6305,Ray Bradbury,1
2091,6308,lawyers,1
2092,6323,John Cusack,1
2093,6327,1970s,1
2094,6327,movies,1
2095,6331,spelling bee,1
2096,6333,Jean Grey,1
2097,6333,Magneto,1
2098,6333,Rogue,1
2099,6333,Wolverine,1
2100,6333,superhero,1
2101,6334,teachers,1
2102,6337,gambling,1
2103,6339,trains,1
2104,6341,art,1
2105,6350,anime,1
2106,6367,Ewan McGregor,1
2107,6367,Renee Zellweger,1
2108,6367,retro,1
2109,6368,movies,1
2110,6373,classic,1
2111,6373,religion,1
2112,6375,In Netflix queue,1
2113,6375,They Might Be Giants,1
2114,6377,Disney,1
2115,6377,fish,1
2116,6377,heartwarming,1
2117,6378,heist,1
2118,6380,child abuse,1
2119,6385,Girl Power,1
2120,6390,Ninotchka remake,1
2121,6400,crime,1
2122,6400,documentary,1
2123,6407,Olympics,1
2124,6407,Tokyo,1
2125,6422,Civil War,1
2126,6440,movie business,1
2127,6452,In Netflix queue,1
2128,6454,Nazis,1
2129,6466,In Netflix queue,1
2130,6502,zombies,2
2131,6515,fugitive,1
2132,6516,In Netflix queue,1
2133,6534,Eric Bana,1
2134,6534,dogs,1
2135,6534,mad scientist,1
2136,6534,marvel,1
2137,6535,politics,1
2138,6536,swashbuckler,1
2139,6539,swashbuckler,1
2140,6541,Peta Wilson,1
2141,6541,Sean Connery,1
2142,6541,captain nemo,1
2143,6541,comic book,1
2144,6541,gothic,1
2145,6541,superhero,1
2146,6545,Dodie Smith,1
2147,6547,flood,1
2148,6552,immigration,1
2149,6564,Angelina Jolie,1
2150,6564,adventure,1
2151,6564,heroine in tight suit,1
2152,6565,horses,1
2153,6579,Japan,1
2154,6591,religion,1
2155,6592,marriage,1
2156,6603,Othello,1
2157,6609,Bible,1
2158,6620,cancer,1
2159,6636,road trip,1
2160,6639,blindness,1
2161,6650,family,1
2162,6650,multiple roles,1
2163,6650,murder,1
2164,6660,ballet,1
2165,6662,Clousseau,1
2166,6667,FBI,1
2167,6668,In Netflix queue,1
2168,6669,meditative,1
2169,6669,philosophical,1
2170,6669,poignant,1
2171,6669,purposefulness,1
2172,6669,terminal illness,1
2173,6708,con men,1
2174,6708,fatherhood,1
2175,6710,vertriloquism,1
2176,6711,Japan,1
2177,6711,atmospheric,1
2178,6713,In Netflix queue,1
2179,6724,In Netflix queue,1
2180,6732,matchmaker,1
2181,6744,vampire,1
2182,6753,Animal movie,1
2183,6768,religion,1
2184,6770,adultery,1
2185,6770,terminal illness,1
2186,6773,biking,1
2187,6776,India,1
2188,6785,Lonesome Polecat,1
2189,6786,In Netflix queue,1
2190,6787,Deep Throat,1
2191,6787,Watergate,1
2192,6787,journalism,1
2193,6788,pregnancy,1
2194,6791,Food,1
2195,6807,british comedy,1
2196,6810,domestic violence,1
2197,6818,atmospheric,1
2198,6818,bleak,1
2199,6818,disturbing,1
2200,6818,gritty,1
2201,6818,harsh,1
2202,6820,werewolf,1
2203,6832,amnesia,1
2204,6849,Christmas,1
2205,6852,Capote,1
2206,6852,black and white,1
2207,6852,crime,1
2208,6852,death penalty,1
2209,6852,murder,1
2210,6856,biopic,1
2211,6863,school,1
2212,6867,trains,1
2213,6870,child abuse,1
2214,6870,kidnapping,1
2215,6874,martial arts,1
2216,6874,revenge,1
2217,6881,Thanksgiving,1
2218,6890,adolescence,1
2219,6890,violence in america,1
2220,6909,transplants,1
2221,6912,Rita Hayworth can dance!,1
2222,6918,India,1
2223,6932,journalism,1
2224,6936,christmas,1
2225,6938,big wave,1
2226,6938,surfing,1
2227,6944,remake,1
2228,6944,wedding,1
2229,6948,music business,1
2230,6948,rap,1
2231,6953,DEPRESSING,1
2232,6963,Amish,1
2233,6970,Hepburn and Tracy,1
2234,6979,Cold War,1
2235,6981,religion,1
2236,6984,Dickens,1
2237,6985,saint,1
2238,6993,family,1
2239,7013,good and evil,1
2240,7018,Scott Turow,1
2241,7018,court,1
2242,7020,Notable Nudity,1
2243,7022,based on a book,1
2244,7022,bloody,1
2245,7022,brutal,1
2246,7022,controversial,1
2247,7022,dystopia,1
2248,7022,goretastic,1
2249,7022,satire,1
2250,7022,social commentary,1
2251,7022,survival,1
2252,7022,violence,1
2253,7023,In Netflix queue,1
2254,7024,bleak,1
2255,7024,confrontational,1
2256,7024,disturbing,1
2257,7024,harsh,1
2258,7024,haunting,1
2259,7024,inhumane,1
2260,7024,thought-provoking,1
2261,7025,In Netflix queue,1
2262,7049,Astaire and Rogers,1
2263,7050,Astaire and Rogers,1
2264,7053,Astaire and Rogers,1
2265,7055,Astaire and Rogers,1
2266,7059,horses,1
2267,7061,terminal illness,1
2268,7062,birds,1
2269,7062,prison,1
2270,7069,In Netflix queue,1
2271,7069,Shakespeare,1
2272,7070,cattle drive,1
2273,7071,In Netflix queue,1
2274,7073,Clousseau,1
2275,7078,Bette Davis,1
2276,7078,Oscar (Best Actress),1
2277,7079,disability,1
2278,7086,George Bernard Shaw,1
2279,7087,E.M. Forster,1
2280,7088,In Netflix queue,1
2281,7090,martial arts,1
2282,7091,Marx brothers,1
2283,7121,Hepburn and Tracy,1
2284,7132,Marx brothers,1
2285,7132,opera,1
2286,7139,immigrants,1
2287,7141,In Netflix queue,1
2288,7147,Tim Burton,1
2289,7147,dreamlike,1
2290,7147,sentimental,1
2291,7147,surreal,1
2292,7153,Adventure,1
2293,7153,Tolkein,1
2294,7153,Tolkien,1
2295,7153,ensemble cast,1
2296,7153,fantasy,1
2297,7153,fantasy world,1
2298,7153,great soundtrack,1
2299,7153,lord of the rings,1
2300,7153,scenic,1
2301,7153,stylized,1
2302,7156,Vietnam,1
2303,7158,real estate,1
2304,7160,serial killer,1
2305,7162,Civil War,1
2306,7190,Charlotte Bronte,1
2307,7212,cross dressing,1
2308,7212,men in drag,1
2309,7217,amnesia,1
2310,7218,In Netflix queue,1
2311,7219,truckers,1
2312,7234,circus,1
2313,7254,alternate reality,1
2314,7254,sci-fi,1
2315,7254,science fiction,1
2316,7254,time travel,1
2317,7256,mountain climbing,1
2318,7285,adolescence,1
2319,7301,priest,1
2320,7301,religion,1
2321,7318,religion,1
2322,7323,Cold War,1
2323,7361,Jim Carrey,1
2324,7361,alternate reality,1
2325,7361,arthouse,1
2326,7361,artistic,1
2327,7361,atmospheric,1
2328,7361,beautiful,1
2329,7361,bittersweet,1
2330,7361,colourful,1
2331,7361,comedy,1
2332,7361,cult film,1
2333,7361,dreamlike,1
2334,7361,emotional,1
2335,7361,feel-good,1
2336,7361,happpiness,1
2337,7361,humane,1
2338,7361,imagination,1
2339,7361,insightful,1
2340,7361,intelligent,1
2341,7361,jim carrey,1
2342,7361,love,1
2343,7361,lovely,1
2344,7361,melancholy,1
2345,7361,memory,2
2346,7361,mind-bending,1
2347,7361,philosophy,1
2348,7361,quirky,1
2349,7361,quirky romantic,1
2350,7361,romantic,1
2351,7361,surreal,2
2352,7361,surrealism,1
2353,7361,thought-provoking,2
2354,7371,Grace,1
2355,7382,adolescence,1
2356,7382,crime,1
2357,7382,for katie,1
2358,7438,revenge,1
2359,7439,comic book,1
2360,7440,Holocaust,1
2361,7444,Mark Ruffalo,1
2362,7451,High School,2
2363,7451,clever,1
2364,7451,lesbian subtext,1
2365,7479,World War II,1
2366,7493,multiple personalities,1
2367,7572,cancer,1
2368,7584,Hepburn and Tracy,1
2369,7584,marriage,1
2370,7614,Rogers and Hammerstein,1
2371,7618,In Netflix queue,1
2372,7618,biopic,1
2373,7619,blindness,1
2374,7619,deaf,1
2375,7646,Stephen King,1
2376,7649,space station,1
2377,7700,In Netflix queue,1
2378,7705,Hepburn and Tracy,1
2379,7705,sports,1
2380,7713,sexuality,1
2381,7714,King Arthur,1
2382,7728,adultery,1
2383,7748,In Netflix queue,1
2384,7766,MacBeth,1
2385,7789,terrorism,1
2386,7792,In Netflix queue,1
2387,7831,Nick and Nora Charles,1
2388,7832,Nick and Nora Charles,1
2389,7833,Nick and Nora Charles,1
2390,7834,Nick and Nora Charles,1
2391,7835,Nick and Nora Charles,1
2392,7924,In Netflix queue,1
2393,7926,In Netflix queue,1
2394,7932,Amtrak,1
2395,7932,Homeless,1
2396,7932,New York,1
2397,7932,Sundance award winner,1
2398,7932,Train,1
2399,7932,independent,1
2400,7934,psychology,1
2401,7936,austere,1
2402,7981,police,1
2403,7983,show business,1
2404,8011,politics,1
2405,8014,In Netflix queue,1
2406,8019,remade,1
2407,8033,In Netflix queue,1
2408,8094,In Netflix queue,1
2409,8153,Van Gogh,1
2410,8167,swashbuckler,1
2411,8183,In Netflix queue,1
2412,8188,Not available from Netflix,1
2413,8190,In Netflix queue,1
2414,8191,Anne Boleyn,1
2415,8197,In Netflix queue,1
2416,8207,assassination,1
2417,8228,heist,1
2418,8235,Clock,1
2419,8266,Prince,1
2420,8275,In Netflix queue,1
2421,8335,heartbreaking,1
2422,8337,military,1
2423,8338,convent,1
2424,8338,religion,1
2425,8341,Dickens,1
2426,8360,ogres,1
2427,8366,pregnancy,1
2428,8366,religion,1
2429,8368,Magic,1
2430,8368,Wizards,1
2431,8375,politics,1
2432,8376,high school,1
2433,8379,In Netflix queue,1
2434,8382,death,1
2435,8424,divorce,1
2436,8446,World War II,1
2437,8463,deafness,1
2438,8464,McDonalds,1
2439,8464,food,1
2440,8477,post-apocalyptic,1
2441,8507,circus,1
2442,8530,Ireland,1
2443,8533,memory loss,1
2444,8533,romance,1
2445,8533,sad,1
2446,8580,In Netflix queue,1
2447,8580,fairy tales,1
2448,8607,In Netflix queue,1
2449,8609,In Netflix queue,1
2450,8622,politics,1
2451,8622,terrorism,1
2452,8636,Doc Ock,1
2453,8638,generation X,1
2454,8641,Steve Carell,1
2455,8641,Will Ferrell,2
2456,8641,awesome,1
2457,8641,comedy,1
2458,8641,hilarious,1
2459,8641,stupid,1
2460,8645,drugs,1
2461,8645,immigrants,1
2462,8695,court,1
2463,8714,Cole Porter,1
2464,8754,Oscar (Best Actress),1
2465,8765,In Netflix queue,1
2466,8783,Atmospheric,1
2467,8783,M. Night Shyamalan,1
2468,8783,good soundtrack,1
2469,8784,psychology,1
2470,8796,Rome,1
2471,8809,Australia,1
2472,8827,Stand Up,1
2473,8838,In Netflix queue,1
2474,8874,zombies,1
2475,8875,alcoholism,1
2476,8875,marriage,1
2477,8879,Agatha Christie,1
2478,8879,Oscar (Best Supporting Actress),1
2479,8879,train,1
2480,8880,disability,1
2481,8914,time travel,1
2482,8920,Oscar (Best Actress),1
2483,8938,parenthood,1
2484,8938,psychology,1
2485,8943,stage,1
2486,8949,wine,1
2487,8950,Christian Bale,1
2488,8950,creepy,1
2489,8950,powerful ending,1
2490,8950,psychology,2
2491,8950,schizophrenia,1
2492,8950,twist ending,1
2493,8951,abortion,1
2494,8957,Disturbing,1
2495,8957,brutal,1
2496,8957,clever,1
2497,8957,great ending,1
2498,8957,mindfuck,1
2499,8957,surprise ending,1
2500,8957,suspense,1
2501,8958,biopic,1
2502,8961,Disney,1
2503,8961,Samuel L. Jackson,1
2504,8961,animation,1
2505,8961,superhero,1
2506,8970,Peter Pan,1
2507,8979,Hearst,1
2508,8983,martial arts,1
2509,8998,In Netflix queue,1
2510,9010,cruel characters,1
2511,9018,journalism,1
2512,25753,gold,1
2513,25771,mindfuck,1
2514,25771,surreal,1
2515,25771,surrealism,1
2516,25825,revenge,1
2517,25841,show business,1
2518,25855,In Netflix queue,1
2519,25865,In Netflix queue,1
2520,25886,made me cry,1
2521,25940,mirrors,1
2522,25952,In Netflix queue,1
2523,26085,Not available from Netflix,1
2524,26131,In Netflix queue,1
2525,26151,donkey,1
2526,26242,In Netflix queue,1
2527,26662,anime,1
2528,26717,boring,1
2529,26717,psychedelic,1
2530,26717,symbolic,1
2531,26776,In Netflix queue,1
2532,27020,drugs,1
2533,27020,lesbian,1
2534,27156,anime,1
2535,27156,end of the world,1
2536,27156,epic,1
2537,27156,mecha,1
2538,27156,psychology,1
2539,27660,Matrix,1
2540,27660,animation,1
2541,27660,anime,1
2542,27660,cyberpunk,1
2543,27660,dark,1
2544,27660,sci-fi,1
2545,27706,Jim Carrey,1
2546,27706,dark comedy,1
2547,27706,meryl streep,1
2548,27706,quirky,1
2549,27706,stylized,1
2550,27731,In Netflix queue,1
2551,27741,In Netflix queue,1
2552,27773,bizarre,1
2553,27773,claustrophobic,1
2554,27773,depressing,1
2555,27773,disturbing,1
2556,27773,hallucinatory,1
2557,27773,paranoid,1
2558,27773,surreal,1
2559,27773,twisted,1
2560,27790,religion,1
2561,27790,saints,1
2562,27808,Adam Sandler,1
2563,27808,family,1
2564,27808,sweet,1
2565,27820,Animal movie,1
2566,27820,camels,1
2567,27831,British gangster,1
2568,27831,Exquisite plotting.,1
2569,27831,Tom Hardy,1
2570,27831,confusing,1
2571,27831,daniel craig,1
2572,27831,organized crime,1
2573,27831,stylish,1
2574,27834,fatherhood,1
2575,27838,revenge,1
2576,27878,India,1
2577,27882,surfing,1
2578,30707,boxing,1
2579,30749,genocide,1
2580,30793,roald dahl,1
2581,30810,heartwarming,1
2582,30810,off-beat comedy,1
2583,30810,quirky,1
2584,30810,trippy,1
2585,30810,visually appealing,1
2586,30810,whimsical,1
2587,30812,Howard Hughes,1
2588,30812,biopic,1
2589,30812,movie business,1
2590,30820,child abuse,1
2591,30822,busniess,1
2592,30825,Ben Stiller,1
2593,30825,Robert De Niro,1
2594,30850,Shakespeare,1
2595,30892,Animation,1
2596,30892,Documentary,1
2597,30892,Henry Darger,1
2598,31030,motherhood,1
2599,31437,orphans,1
2600,31658,06 Oscar Nominated Best Movie - Animation,1
2601,31658,Hayao Miyazaki,1
2602,31658,In Netflix queue,1
2603,31658,Studio Ghibli,1
2604,31658,anime,1
2605,31658,fantasy world,1
2606,31903,marriage,1
2607,31923,In Netflix queue,1
2608,32160,In Netflix queue,1
2609,32371,In Netflix queue,1
2610,32582,birds,1
2611,32582,parrots,1
2612,32584,fatherhood,1
2613,32587,cult,1
2614,33154,business,1
2615,33154,money,1
2616,33154,scandal,1
2617,33162,David Thewlis,1
2618,33162,Eva Green,1
2619,33162,Liam Neeson,1
2620,33162,Orlando Bloom,1
2621,33166,racism,1
2622,33493,space,1
2623,33493,space opera,1
2624,33660,boksdrama,1
2625,33660,boxing,1
2626,34150,Chris Evans,1
2627,34150,Jessica Alba,1
2628,34150,comic book,1
2629,34150,heroine in tight suit,1
2630,34150,sexy female scientist,1
2631,34150,superhero,1
2632,34162,stiller,1
2633,34271,hip hop,1
2634,34323,Rob Zombie,1
2635,34359,pregnancy,1
2636,34405,Firefly,1
2637,34405,predictable,1
2638,34437,In Netflix queue,1
2639,34482,In Netflix queue,1
2640,34528,pregnancy,1
2641,34542,Animal movie,1
2642,34542,bears,1
2643,35015,Animal movie,1
2644,35015,In Netflix queue,1
2645,35836,BEST PICTURE,1
2646,35836,classic,1
2647,35836,hilarious,1
2648,35836,steve carell,1
2649,36517,Africa,1
2650,36517,business,1
2651,36517,politics,1
2652,36527,mathematics,1
2653,36529,wapendrama,1
2654,36535,In Netflix queue,1
2655,37240,In Netflix queue,1
2656,37384,restaurant,1
2657,37729,06 Oscar Nominated Best Movie - Animation,1
2658,37729,Johnny Depp,1
2659,37729,Tim Burton,1
2660,37729,animation,1
2661,37729,gothic,1
2662,37729,helena bonham carter,1
2663,37729,visually appealing,1
2664,37733,In Netflix queue,1
2665,37736,Dickens,1
2666,37741,Truman Capote,1
2667,38038,06 Oscar Nominated Best Movie - Animation,1
2668,38038,Aardman,1
2669,38061,In Netflix queue,1
2670,38061,Robert Downey Jr.,1
2671,38061,black comedy,1
2672,38061,clever,1
2673,38061,fast-paced dialogue,1
2674,38061,good dialogue,1
2675,38061,witty,1
2676,38798,sisters,1
2677,38886,divorce,1
2678,39234,In Netflix queue,1
2679,39234,courtroom drama,1
2680,39292,In Netflix queue,1
2681,39292,McCarthy hearings,1
2682,39292,Morrow,1
2683,39292,journalism,1
2684,40278,Jake Gyllenhaal,1
2685,40278,Modern war,1
2686,40491,depression,1
2687,40583,In Netflix queue,1
2688,40629,In Netflix queue,1
2689,40815,Magic,1
2690,40815,Wizards,1
2691,40819,Johnny Cash,1
2692,40955,transvestite,1
2693,41566,C.S. Lewis,1
2694,41569,big budget,1
2695,41997,In Netflix queue,1
2696,42002,In Netflix queue,1
2697,42422,love,1
2698,42632,brutality,1
2699,42740,In Netflix queue,1
2700,44665,twist ending,1
2701,44889,satire,1
2702,45447,Audrey Tautou,1
2703,45447,Mystery,1
2704,45447,Paris,1
2705,45447,Tom Hanks,1
2706,45447,adventure,1
2707,45447,conspiracy theory,1
2708,45447,treasure hunt,1
2709,45499,Halle Berry,1
2710,45499,Hugh Jackman,1
2711,45730,M. Night Shyamalan,1
2712,45730,Paul Giamatti,1
2713,45730,bad,1
2714,45730,disappointing,1
2715,45730,faerie tale,1
2716,45730,fairy tale,1
2717,45730,far fetched,1
2718,45880,cinematography,1
2719,45880,lyrical,1
2720,46723,Brad Pitt,1
2721,46723,cate blanchett,1
2722,46723,multiple storylines,1
2723,46723,social commentary,1
2724,46972,Ben Stiller,1
2725,46972,Robin Williams,1
2726,46976,Maggie Gyllenhaal,1
2727,46976,Will Ferrell,1
2728,46976,emma thompson,1
2729,46976,modern fantasy,1
2730,46976,romance,1
2731,46976,surreal,1
2732,47610,Edward Norton,1
2733,47610,Paul Giamatti,1
2734,47610,costume drama,1
2735,47610,magic,1
2736,48394,atmospheric,1
2737,48394,bittersweet,1
2738,48394,visually appealing,1
2739,48516,Jack Nicholson,1
2740,48516,Leonardo DiCaprio,2
2741,48516,Martin Scorsese,1
2742,48516,atmospheric,1
2743,48516,suspense,2
2744,48516,twist ending,1
2745,48516,undercover cop,1
2746,48516,way too long,1
2747,48698,the catholic church is the most corrupt organization in history,1
2748,48780,atmospheric,1
2749,48780,enigmatic,1
2750,48780,ummarti2006,1
2751,49130,Marion Cotillard,1
2752,49530,Africa,1
2753,49530,Jennifer Connelly,1
2754,49530,Leonardo DiCaprio,1
2755,49530,corruption,1
2756,49530,justice,1
2757,50872,a clever chef rat,1
2758,50872,clever,1
2759,50872,inspirational,2
2760,51255,british comedy,1
2761,52287,Something for everyone in this one... saw it without and plan on seeing it with kids!,1
2762,52604,Anthony Hopkins,1
2763,52604,courtroom drama,1
2764,52604,twist ending,1
2765,52712,HORRIBLE ACTING,1
2766,52712,interesting,1
2767,52885,dreamlike,1
2768,53127,Insanity,1
2769,53127,PTSD,1
2770,53127,based on a play,1
2771,53127,conspiracy theory,1
2772,53127,creepy,1
2773,53127,paranoia,1
2774,53464,Chris Evans,1
2775,53464,Jessica Alba,1
2776,53464,Marvel,1
2777,53464,bad acting,1
2778,53464,bad jokes,1
2779,53464,bad plot,1
2780,53464,sexy female scientist,1
2781,53468,zombies,1
2782,54286,Robert Ludlum,1
2783,54286,assassin,1
2784,54286,assassin-in-training (scene),1
2785,54286,espionage,1
2786,54503,Michael Cera,1
2787,54503,friendship,1
2788,54503,high school,1
2789,54503,nerds,1
2790,54503,self discovery,1
2791,54503,shenanigans,1
2792,54503,virginity,1
2793,54997,Christian Bale,1
2794,55167,anime,1
2795,55290,Casey Affleck,1
2796,55290,great performances,1
2797,55290,twist,1
2798,55721,Favelas,1
2799,55765,Denzel Washington,1
2800,55765,corruption,1
2801,55765,mafia,1
2802,55765,organized crime,1
2803,56174,Post apocalyptic,1
2804,56174,alone in the world,1
2805,56174,apocalypse,1
2806,56174,based on a book,1
2807,56174,last man on earth,1
2808,56174,plot holes,1
2809,56174,post-apocalyptic,1
2810,56174,religion,1
2811,56174,vampire,1
2812,56367,Michael Cera,1
2813,56367,notable soundtrack,1
2814,56367,pregnancy,1
2815,56367,teenage pregnancy,1
2816,56367,witty,1
2817,56782,atmospheric,1
2818,56782,cerebral,1
2819,56782,character study,1
2820,56782,gritty,1
2821,56782,intense,1
2822,56782,long shots,1
2823,56782,morality,1
2824,56782,visually appealing,1
2825,57502,abstract,1
2826,57502,dark,1
2827,57502,psychedelic,1
2828,57502,surreal,1
2829,57669,Colin Farrell,1
2830,57669,Ralph Fiennes,1
2831,57669,black comedy,1
2832,57669,dark comedy,1
2833,57669,drugs,1
2834,57669,friendship,1
2835,57669,irreverent,1
2836,57669,stylized,1
2837,58047,Rachel Weisz,1
2838,58047,Ryan Reynolds,1
2839,58295,heist,1
2840,58295,robbery,1
2841,58295,small time criminals,1
2842,58301,dark,1
2843,58301,dark humor,2
2844,58301,intelligent,1
2845,58301,thought-provoking,1
2846,58559,dark,1
2847,58559,gritty,1
2848,58559,psychology,1
2849,58559,superhero,1
2850,59103,jackie chan,1
2851,59103,kung fu,1
2852,59141,movies about movies,1
2853,59501,Tilda Swinton,1
2854,59501,fantasy,1
2855,59501,lion,1
2856,59501,narnia,1
2857,60069,Post apocalyptic,1
2858,60069,last man on earth,1
2859,60069,love story,1
2860,60069,social commentary,1
2861,60074,Charlize Theron,1
2862,60074,Will Smith,1
2863,60074,bad script,1
2864,60126,Anne Hathaway,1
2865,60126,Steve Carell,1
2866,60516,enjoyable,1
2867,60756,Highly quotable,1
2868,60756,comedy,1
2869,60756,funny,3
2870,60756,will ferrell,3
2871,60950,threesome,1
2872,61024,James Franco,1
2873,61024,Seth Rogen,1
2874,61024,Stoner Movie,1
2875,61024,comedy,1
2876,61323,Brad Pitt,1
2877,61323,Coen Bros,1
2878,61323,Coen Brothers,1
2879,61323,George Clooney,1
2880,61323,John Malkovich,1
2881,61323,dark comedy,2
2882,61323,espionage,1
2883,61323,satire,1
2884,61323,twists & turns,1
2885,61323,weird,1
2886,62336,2D animation,1
2887,62336,cult film,1
2888,62336,stylish,1
2889,62336,surreal,1
2890,62434,Seth Rogen,1
2891,62434,Sexual Humor,1
2892,63062,emotional,1
2893,63992,Teen movie,1
2894,63992,audience intelligence underestimated,1
2895,63992,boring,1
2896,63992,chick flick,1
2897,63992,overrated,1
2898,64034,childish naivity,1
2899,64034,friendship,1
2900,66097,Surreal,1
2901,66097,Tim Burton,1
2902,66097,claymation,1
2903,66097,creepy,1
2904,66097,dark,1
2905,66097,dark fairy tale,1
2906,66934,Nathan Fillion,1
2907,66934,Neil Patrick Harris,1
2908,66934,joss whedon,1
2909,66934,parody,1
2910,67087,Andy Samberg,1
2911,67087,Jaime Pressly,1
2912,67087,Jason Segel,1
2913,67087,Paul Rudd,1
2914,67087,bromance,1
2915,67087,bromantic,1
2916,67087,comedy,1
2917,67087,masculinity,1
2918,67695,Seth Rogen,1
2919,68157,Brad Pitt,1
2920,68157,Christoph Waltz,1
2921,68157,Quentin Tarantino,1
2922,68157,black comedy,1
2923,68157,satire,1
2924,68237,2001-like,1
2925,68237,Sci-fi,1
2926,68237,solitude,1
2927,68319,Ryan Reynolds,1
2928,68319,bad plot,1
2929,68319,comic book,2
2930,68319,hugh jackman,1
2931,68319,too many characters,1
2932,68358,Simon Pegg,1
2933,68358,future,1
2934,68358,lack of development,1
2935,68358,lack of story,1
2936,68358,quick cuts,1
2937,68358,sci-fi,1
2938,68358,space,1
2939,68358,space travel,1
2940,68358,time travel,1
2941,68791,Christian Bale,1
2942,68791,FIGHTING THE SYSTEM,1
2943,68791,artificial intelligence,1
2944,68791,bad acting,1
2945,68791,bad plot,1
2946,68791,bad script,1
2947,68791,franchise,1
2948,68791,new composer,1
2949,68791,post-apocalyptic,1
2950,68791,robots,1
2951,68791,sci-fi,1
2952,68791,sequel,1
2953,68848,Adrien Brody,1
2954,68848,Mark Ruffalo,1
2955,68848,Rachel Weisz,1
2956,68848,con artists,1
2957,68848,funny,1
2958,68848,interesting characters,1
2959,68945,Recap,1
2960,68954,Bechdel Test:Fail,1
2961,68954,Pixar,1
2962,68954,adventure,1
2963,68954,bittersweet,1
2964,68954,cartoon,1
2965,68954,children,1
2966,68954,computer animation,1
2967,68954,divorce,1
2968,68954,dogs,1
2969,68954,dreams,1
2970,68954,emotional,1
2971,68954,heartbreaking,1
2972,68954,touching,1
2973,69122,Las Vegas,1
2974,69122,casino,1
2975,69122,comedy,1
2976,69122,funny,1
2977,69122,hotel,1
2978,69481,war,1
2979,69526,Michael Bay,1
2980,69526,Shia LaBeouf,1
2981,69526,bad plot,1
2982,69526,needed more autobots,1
2983,69526,plot holes,1
2984,69526,ridiculous,1
2985,69526,stop using useless characters for filler,1
2986,69757,Funny,1
2987,69757,Zooey Deschanel,1
2988,69757,artistic,1
2989,69757,humorous,1
2990,69757,inspiring,1
2991,69757,intelligent,1
2992,69757,quirky,1
2993,69757,romance,1
2994,70286,intelligent sci-fi,1
2995,71494,Narrative pisstake,1
2996,71535,Bill Murray,1
2997,71535,Emma Stone,1
2998,71535,Jesse Eisenberg,1
2999,71535,Woody Harrelson,1
3000,71535,dark comedy,1
3001,71535,funny,1
3002,71899,bittersweet,1
3003,71899,black comedy,1
3004,71899,character study,1
3005,71899,dark comedy,1
3006,71899,friendship,1
3007,71899,loneliness,1
3008,71899,mental illness,1
3009,71899,philosophical,1
3010,71899,poignant,1
3011,71899,quirky,1
3012,71899,sad,1
3013,71899,sweet,1
3014,71899,touching,1
3015,72224,bad humor,1
3016,72998,James Cameron,1
3017,72998,bad science,1
3018,72998,beautiful scenery,1
3019,72998,futuristic,1
3020,72998,graphic design,2
3021,72998,military,1
3022,72998,music,1
3023,72998,politics,1
3024,72998,poor dialogue,1
3025,72998,romance,1
3026,72998,sci-fi,1
3027,72998,superficial plot,1
3028,72998,thought-provoking,1
3029,72998,too long,1
3030,72998,unoriginal,1
3031,72998,visually stunning,1
3032,72998,white guilt,1
3033,74458,Leonardo DiCaprio,1
3034,74458,Martin Scorsese,1
3035,74458,Psychological Thriller,1
3036,74458,insanity,1
3037,74458,plot twist,1
3038,74458,psychological,1
3039,74458,thought-provoking,1
3040,74791,surreal,1
3041,74791,whimsical,1
3042,79132,Leonardo DiCaprio,1
3043,79132,action,1
3044,79132,alternate reality,1
3045,79132,big budget,1
3046,79132,cerebral,1
3047,79132,clever,1
3048,79132,complicated,1
3049,79132,dead wife,1
3050,79132,dreamlike,2
3051,79132,great soundtrack,1
3052,79132,heist,1
3053,79132,intellectual,1
3054,79132,mindfuck,1
3055,79132,philosophy,2
3056,79132,psychological,1
3057,79132,psychology,1
3058,79132,sci-fi,1
3059,79132,surreal,1
3060,79132,suspense,1
3061,79132,thought-provoking,3
3062,79132,visually appealing,2
3063,79702,Michael Cera,1
3064,79702,geeky,1
3065,79702,stylized,1
3066,79702,video games,1
3067,80463,good dialogue,1
3068,80463,loneliness,1
3069,80463,witty,1
3070,80489,FBI,1
3071,80489,crime,1
3072,80489,romance,1
3073,80489,too much love interest,1
3074,80834,adventure,1
3075,80834,animation,1
3076,80834,fantasy,1
3077,80906,business,1
3078,80906,corruption,1
3079,80906,economics,1
3080,80906,investor corruption,1
3081,80906,politics,1
3082,80906,truth,1
3083,81158,american idolatry,1
3084,81562,stranded,1
3085,81591,alter ego,1
3086,81591,atmospheric,1
3087,81591,creepy,1
3088,81591,horror,1
3089,81591,obsession,1
3090,81591,surreal,1
3091,82242,male nudity,1
3092,82459,Coen Brothers,1
3093,82459,Jeff Bridges,1
3094,82459,Matt Damon,1
3095,82459,atmospheric,1
3096,82459,predictable,1
3097,82461,Horrid characterisation,1
3098,82461,Poor plot development,1
3099,82461,action choreography,1
3100,82461,sequel,1
3101,82461,soundtrack,1
3102,83134,black comedy,1
3103,85565,Comedy,1
3104,87430,CGI,1
3105,87430,DC,1
3106,87430,DC Comics,1
3107,87430,Ryan Reynolds,1
3108,87430,audience intelligence underestimated,1
3109,87430,cheesy,1
3110,87430,comic book,1
3111,87430,space,1
3112,87430,superhero,1
3113,88094,britpop,1
3114,88094,indie record label,1
3115,88094,music,1
3116,88405,HOT actress,1
3117,88405,Justin Timberlake,1
3118,88405,Mila Kunis,1
3119,88405,New York City,1
3120,88405,comedy,1
3121,88405,funny,1
3122,88405,happy ending,1
3123,88405,romance,1
3124,88405,sex,1
3125,89745,Captain America,1
3126,89745,fun,1
3127,89745,great humor,1
3128,89745,silly,1
3129,89745,superhero,1
3130,89745,superhero team,1
3131,89745,visually appealing,1
3132,89774,Boxing story,1
3133,89774,MMA,1
3134,89774,Tom Hardy,1
3135,90439,Kevin Spacey,1
3136,90439,Wall Street,1
3137,90439,bank,1
3138,90439,big corporations,1
3139,90439,business,1
3140,90439,corruption,1
3141,90439,financial crisis,1
3142,90439,realistic,1
3143,90439,suspense,1
3144,90769,celebrity fetishism,1
3145,90769,mediacentralism,1
3146,90769,system holism,1
3147,91500,ending,1
3148,91529,Anne Hathaway,1
3149,91529,Christian Bale,1
3150,91529,Christopher Nolan,1
3151,91529,Morgan Freeman,1
3152,91529,comic book,1
3153,91529,great ending,1
3154,91529,political commentary,1
3155,91529,superhero,1
3156,92259,emotional,1
3157,92259,sexuality,1
3158,94959,quirky,1
3159,95067,interesting scenario,1
3160,95441,crude humor,1
3161,95558,Beautiful,1
3162,95558,emotional,1
3163,95558,poetic,1
3164,96079,beautiful cinematography,1
3165,96079,beautifully filmed,1
3166,96079,cinematography,1
3167,96084,city politics,1
3168,96084,italy,1
3169,96084,political right versus left,1
3170,96861,Istanbul,1
3171,96861,Liam Neeson,1
3172,96861,Turkey,1
3173,96861,predictable,1
3174,96861,unnecessary sequel,1
3175,97304,Thrilling,1
3176,97304,cia,1
3177,97304,politics,1
3178,97938,India,1
3179,97938,cinematography,1
3180,97938,surreal,1
3181,98809,Action,1
3182,98809,Myth,1
3183,98961,Afghanistan,1
3184,98961,American propaganda,1
3185,98961,assassination,1
3186,98961,military,1
3187,98961,terrorism,1
3188,99114,Christoph Waltz,1
3189,99114,Great performances,1
3190,99114,Humour,1
3191,99114,Leonardo DiCaprio,1
3192,99114,Quentin Tarantino,1
3193,99114,Samuel L. Jackson,1
3194,99114,Soundtrack,2
3195,99114,action,1
3196,99114,funny,1
3197,99114,good soundtrack,1
3198,99114,western,1
3199,99764,moving,1
3200,99764,philosopical,1
3201,99764,surreal,1
3202,99764,weird,1
3203,99917,Beautiful,1
3204,99917,artistic,1
3205,99917,artsy,1
3206,99917,atmospheric,1
3207,99917,dreamlike,1
3208,99917,existentialism,1
3209,100083,R language,1
3210,100083,embarassing scenes,1
3211,100083,offensive,1
3212,100083,sarcasm,1
3213,100083,satire,1
3214,101142,animation,1
3215,101142,funny,1
3216,101142,stone age,1
3217,102007,animation,1
3218,102903,illusions,1
3219,102903,overcomplicated,1
3220,102903,predictable,1
3221,102903,stupid ending,1
3222,103042,Amy Adams,1
3223,103042,superhero,1
3224,104218,Adam Sandler,1
3225,104841,Simple,1
3226,104841,cliche characters,1
3227,104841,long shots,1
3228,104841,predictable,1
3229,104841,slow action,1
3230,104841,visually appealing,1
3231,104863,daniel radcliffe,1
3232,104863,zoe kazan,1
3233,104875,quirky,1
3234,104879,Hugh Jackman,1
3235,104879,Jake Gyllenhaal,1
3236,104879,absorbing,1
3237,104879,acting,1
3238,104879,atmospheric,1
3239,104879,morality,1
3240,104879,mystery,1
3241,104879,thriller,1
3242,104944,emotional,1
3243,104944,feel-good,1
3244,104944,heartwarming,1
3245,104944,mental illness,1
3246,104944,touching,1
3247,105504,hostage,1
3248,105504,ocean,1
3249,105504,suspense,2
3250,105504,tense,1
3251,106100,Jared Leto,1
3252,106100,social commentary,1
3253,106100,uplifting,1
3254,106489,Tolkien,1
3255,106489,adventure,1
3256,106489,fantasy,1
3257,106489,too long,1
3258,106766,atmospheric,1
3259,106766,cinematography,1
3260,106766,depressing,1
3261,106766,funny,1
3262,106782,Leonardo DiCaprio,1
3263,106782,Martin Scorsese,1
3264,106782,Stock Market,1
3265,106782,Wall Street,1
3266,106782,drugs,1
3267,107348,Steve Carell,1
3268,107348,comedy,1
3269,107348,stupid but funny,1
3270,107348,will ferrell,1
3271,107406,fatalistic,1
3272,108190,anti-intellectual,1
3273,108190,bad writing,1
3274,108190,dystopia,1
3275,108190,new society,1
3276,108190,plot holes,1
3277,108190,predictable,1
3278,108190,scifi,1
3279,108190,unintelligent,1
3280,108932,cheeky,1
3281,108932,clever,1
3282,108932,colorful,1
3283,108932,feel-good,1
3284,108932,fun,1
3285,108932,imaginative,1
3286,108932,quirky,1
3287,109487,Christopher Nolan,1
3288,109487,bad dialogue,1
3289,109487,black hole,1
3290,109487,philosophical issues,1
3291,109487,sci-fi,2
3292,109487,thought-provoking,1
3293,109487,time-travel,2
3294,109487,visually appealing,1
3295,111364,Creature Feature,1
3296,111743,Charlize Theron,1
3297,111743,Liam Neeson,1
3298,111743,Seth MacFarlane,1
3299,111743,witty,1
3300,112421,Eccentric,1
3301,112421,adorable,1
3302,112421,black comedy,1
3303,112421,introspection,1
3304,112421,mental illness,1
3305,112421,quirky,1
3306,112515,Metaphorical,1
3307,112515,atmospheric,1
3308,112515,dark,1
3309,112515,psychological,1
3310,112552,inspirational,1
3311,112552,inspiring,1
3312,112552,intense,1
3313,112552,jazz,1
3314,112552,music,1
3315,112552,passion,1
3316,112552,psychological,1
3317,112552,suspense,1
3318,112552,tense,1
3319,112556,Stupid ending,1
3320,112556,annoying,1
3321,112852,Great Visuals,1
3322,112852,funny,1
3323,112852,humorous,1
3324,112852,unlikely hero,1
3325,113705,bittersweet,1
3326,114180,action,1
3327,114180,dystopia,1
3328,114180,plot holes,1
3329,114180,post-apocalyptic,1
3330,114180,survival,1
3331,114180,thriller,1
3332,114180,unexplained,1
3333,114180,weak plot,1
3334,114627,atmospheric,1
3335,114627,bizzare,1
3336,114627,eerie,1
3337,114627,symbolism,1
3338,115149,Keanu Reeves,1
3339,115149,Revenge,1
3340,115149,action,1
3341,115149,dark hero,1
3342,115149,gun-fu,1
3343,115149,killer,1
3344,115149,secret society,1
3345,115149,stylish,1
3346,115149,widows/widowers,1
3347,115617,animation,1
3348,115617,feel-good,1
3349,115617,fun family movie,1
3350,115617,kids,1
3351,115617,robots,1
3352,115617,very funny,1
3353,116797,inspirational,1
3354,116797,intelligent,1
3355,116897,black comedy,1
3356,116897,dark comedy,1
3357,116897,dark humor,1
3358,116897,ironic,1
3359,116897,multiple short stories,1
3360,116897,short stories,1
3361,117877,philosophical,1
3362,117877,trippy,1
3363,117887,heartwarming,1
3364,118696,hope,1
3365,118784,documentary,1
3366,118784,music industry,1
3367,118784,remix culture,1
3368,118985,painter,1
3369,119141,James Franco,1
3370,119141,Seth Rogen,1
3371,119141,bloody,1
3372,119141,bromance,1
3373,119141,comedy,1
3374,119141,funny,1
3375,119145,slick,1
3376,120635,action,1
3377,120635,murder,1
3378,120635,police,1
3379,122882,beautiful,1
3380,122882,cinematography,1
3381,122882,visually appealing,1
3382,122912,Dark,1
3383,122912,Dr. Strange,1
3384,122912,Great villain,1
3385,122912,Guardians of the Galaxy,1
3386,122912,MCU,1
3387,122912,Marvel,1
3388,122912,Robert Downey Jr.,1
3389,122912,Sad,1
3390,122912,Thanos,1
3391,122912,Thor,1
3392,122912,Visually appealing,1
3393,122912,Visually stunning,2
3394,122912,comic book,1
3395,122912,emotional,1
3396,122916,awesome,1
3397,122916,humor,1
3398,122916,quirky,1
3399,122916,unconventional,1
3400,122916,white guilt,1
3401,122918,fun,1
3402,122922,visually appealing,1
3403,126548,funny,1
3404,126548,high school,1
3405,127172,film history,1
3406,127172,poetic,1
3407,127172,representation of children,1
3408,127298,depressing,1
3409,127298,understated,1
3410,128360,Dialogue,1
3411,128360,Kurt Russell,1
3412,128360,Quentin Tarantino,1
3413,128360,Samuel L. Jackson,1
3414,128360,Western,1
3415,128360,characters,1
3416,128360,humor,1
3417,128360,tension building,1
3418,128360,violent,1
3419,134130,smart,1
3420,134170,funny,1
3421,134170,ridiculous,1
3422,134170,silly,1
3423,135133,Jennifer Lawrence,1
3424,135133,dystopia,1
3425,135133,love story,1
3426,135133,nonsense,1
3427,135133,politics,1
3428,135133,rebellion,1
3429,135133,revolution,1
3430,135518,Ben Kingsley,1
3431,135518,ethics,1
3432,135518,immortality,1
3433,135518,ryan reynolds,1
3434,135536,Bad story,1
3435,135536,Bad writing,1
3436,135536,Batman,1
3437,135536,Ben Affleck,1
3438,135536,Harley Quinn,1
3439,135536,Harley Quinn's ass,1
3440,135536,Horrible directing,1
3441,135536,Jared Leto,1
3442,135536,Joker,1
3443,135536,Margot Robbie,1
3444,135536,Poor story,1
3445,135536,Will Smith,1
3446,135536,comic book,1
3447,135536,dc comics,1
3448,135536,good soundtrack,1
3449,135536,lack of plot,1
3450,135536,poorly paced,1
3451,135536,superhero,1
3452,135536,visually appealing,1
3453,136864,Gal Gadot,1
3454,136864,action,1
3455,136864,batman,1
3456,136864,ben affleck,1
3457,136864,dark,1
3458,136864,dc comics,1
3459,136864,superhero,1
3460,136864,superman,1
3461,136864,wonderwoman,1
3462,138036,slick,1
3463,138036,stylish,1
3464,139385,Visually Striking,1
3465,139385,cinematography,1
3466,139385,leonardo DiCarpio,1
3467,139385,survival,1
3468,139385,tom hardy,1
3469,139385,visually appealing,2
3470,139644,atmospheric,1
3471,139644,tension,1
3472,140174,moving,1
3473,140174,touching,1
3474,141890,Moving,1
3475,143367,contemplative,1
3476,143367,philosophical,1
3477,143367,thought-provoking,1
3478,143367,tragic,1
3479,144210,Sustainability,1
3480,144210,dumpster diving,1
3481,148626,Witty,1
3482,148626,funny,1
3483,148626,interesting,1
3484,148881,Existential,1
3485,148881,surreal,1
3486,152077,creepy,1
3487,152077,suspense,1
3488,152711,Cambodia,1
3489,152711,crime,1
3490,152711,human rights,1
3491,152711,murder,1
3492,152711,procedural,1
3493,153070,nightmare,1
3494,155288,suspense,1
3495,155288,thought-provoking,1
3496,156371,80's,1
3497,156605,quirky,1
3498,156605,sweet,1
3499,156605,understated,1
3500,158872,Crude humor,1
3501,158872,Vulgar,1
3502,158872,mindfuck,1
3503,158872,sarcasm,1
3504,158872,satire,1
3505,158966,Viggo Mortensen,1
3506,158966,building a family,1
3507,158966,creative,1
3508,158966,freedom,1
3509,158966,good writing,1
3510,158966,individualism,1
3511,161634,intense,1
3512,164179,Cerebral,1
3513,164179,beautiful visuals,1
3514,164179,cinematography,1
3515,164179,good cinematography,1
3516,164179,smart,1
3517,164179,thought-provoking,1
3518,164179,visually appealing,1
3519,164909,Bittersweet,1
3520,164909,visually appealing,1
3521,167746,funny,1
3522,167746,heartwarming,1
3523,168248,Heroic Bloodshed,1
3524,168248,Keanu Reeves,1
3525,168248,action,1
3526,168248,dark hero,1
3527,168248,gun tactics,1
3528,168248,hitman,1
3529,168248,organized crime,1
3530,168248,secret society,1
3531,168252,dark,1
3532,168252,emotional,1
3533,168252,gritty,1
3534,168252,heartbreaking,1
3535,168252,predictible plot,1
3536,170945,Suspenseful,1
3537,170945,paranoia,1
3538,174053,Dystopia,1
3539,174053,future,1
3540,174053,interesting,1
3541,174053,jon hamm,1
3542,174053,thought provoking,1
3543,174055,brilliant,1
3544,174055,inspiring,1
3545,174055,tense,1
3546,176371,atmospheric,1
3547,176371,beautiful,1
3548,176371,cinematography,1
3549,176371,dark,1
3550,176371,dreamlike,1
3551,176371,existentialism,1
3552,176371,moody,1
3553,176371,philosophical,1
3554,176419,allegorical,1
3555,176419,uncomfortable,1
3556,176419,unsettling,1
3557,179401,Action,1
3558,179401,Comedy,1
3559,179401,Dwayne Johnson,1
3560,179401,funny,1
3561,180031,atmospheric,1
3562,180031,dreamlike,1
3563,180985,bad music,1
3564,183611,Comedy,1
3565,183611,Rachel McAdams,1
3566,183611,funny,1
3567,184471,Alicia Vikander,1
3568,184471,adventure,1
3569,184471,video game adaptation,1
3570,187593,Josh Brolin,1
3571,187593,Ryan Reynolds,1
3572,187593,sarcasm,1
3573,187595,Emilia Clarke,1
3574,187595,star wars,1
3575,193565,anime,1
3576,193565,comedy,1
3577,193565,gintama,1
3578,193565,remaster,1
